date,borough,median_asking_rent_usd,rental_inventory,baseline_rent_usd,baseline_inventory,rent_change_usd,rent_growth_pct,rent_index,inventory_index
2016-07,Bronx,1700,708,1700,708,0,0.0,100.0,100.0
2016-08,Bronx,1700,854,1700,708,0,0.0,100.0,120.62146892655367
2016-09,Bronx,1700,883,1700,708,0,0.0,100.0,124.7175141242938
2016-10,Bronx,1699,886,1700,708,-1,-0.0588235294117647,99.94117647058823,125.14124293785312
2016-11,Bronx,1675,899,1700,708,-25,-1.4705882352941175,98.52941176470588,126.97740112994352
2016-12,Bronx,1700,816,1700,708,0,0.0,100.0,115.2542372881356
2017-01,Bronx,1700,919,1700,708,0,0.0,100.0,129.80225988700565
2017-02,Bronx,1675,940,1700,708,-25,-1.4705882352941175,98.52941176470588,132.7683615819209
2017-03,Bronx,1750,951,1700,708,50,2.941176470588235,102.94117647058823,134.32203389830508
2017-04,Bronx,1749,921,1700,708,49,2.8823529411764706,102.88235294117646,130.08474576271186
2017-05,Bronx,1750,969,1700,708,50,2.941176470588235,102.94117647058823,136.864406779661
2017-06,Bronx,1750,1006,1700,708,50,2.941176470588235,102.94117647058823,142.090395480226
2017-07,Bronx,1750,953,1700,708,50,2.941176470588235,102.94117647058823,134.6045197740113
2017-08,Bronx,1750,693,1700,708,50,2.941176470588235,102.94117647058823,97.88135593220339
2017-09,Bronx,1750,709,1700,708,50,2.941176470588235,102.94117647058823,100.14124293785312
2017-10,Bronx,1795,794,1700,708,95,5.588235294117648,105.58823529411765,112.14689265536724
2017-11,Bronx,1750,757,1700,708,50,2.941176470588235,102.94117647058823,106.92090395480224
2017-12,Bronx,1750,657,1700,708,50,2.941176470588235,102.94117647058823,92.79661016949152
2018-01,Bronx,1790,683,1700,708,90,5.294117647058823,105.29411764705883,96.46892655367232
2018-02,Bronx,1800,678,1700,708,100,5.88235294117647,105.88235294117648,95.76271186440678
2018-03,Bronx,1860,696,1700,708,160,9.411764705882353,109.41176470588236,98.30508474576271
2018-04,Bronx,1925,698,1700,708,225,13.23529411764706,113.23529411764706,98.58757062146893
2018-05,Bronx,1900,793,1700,708,200,11.76470588235294,111.76470588235294,112.00564971751412
2018-06,Bronx,1940,826,1700,708,240,14.117647058823529,114.11764705882352,116.66666666666667
2018-07,Bronx,1900,924,1700,708,200,11.76470588235294,111.76470588235294,130.5084745762712
2018-08,Bronx,1899,1054,1700,708,199,11.705882352941178,111.70588235294116,148.87005649717514
2018-09,Bronx,1949,916,1700,708,249,14.647058823529413,114.64705882352942,129.3785310734463
2018-10,Bronx,1940,1114,1700,708,240,14.117647058823529,114.11764705882352,157.34463276836158
2018-11,Bronx,1825,1054,1700,708,125,7.352941176470589,107.35294117647058,148.87005649717514
2018-12,Bronx,1850,976,1700,708,150,8.823529411764707,108.8235294117647,137.85310734463278
2019-01,Bronx,1899,1053,1700,708,199,11.705882352941178,111.70588235294116,148.72881355932205
2019-02,Bronx,1875,1001,1700,708,175,10.294117647058822,110.29411764705883,141.38418079096044
2019-03,Bronx,1890,1036,1700,708,190,11.176470588235295,111.1764705882353,146.3276836158192
2019-04,Bronx,1895,996,1700,708,195,11.470588235294118,111.47058823529412,140.67796610169492
2019-05,Bronx,1895,1121,1700,708,195,11.470588235294118,111.47058823529412,158.33333333333331
2019-06,Bronx,1899,1002,1700,708,199,11.705882352941178,111.70588235294116,141.52542372881356
2019-07,Bronx,1925,1081,1700,708,225,13.23529411764706,113.23529411764706,152.68361581920905
2019-08,Bronx,1950,1027,1700,708,250,14.705882352941178,114.70588235294117,145.05649717514123
2019-09,Bronx,2000,962,1700,708,300,17.647058823529413,117.64705882352942,135.87570621468927
2019-10,Bronx,1970,865,1700,708,270,15.88235294117647,115.88235294117648,122.17514124293784
2019-11,Bronx,1938,818,1700,708,238,14.000000000000002,113.99999999999999,115.5367231638418
2019-12,Bronx,1920,702,1700,708,220,12.941176470588237,112.94117647058823,99.15254237288136
2020-01,Bronx,1950,695,1700,708,250,14.705882352941178,114.70588235294117,98.1638418079096
2020-02,Bronx,1995,629,1700,708,295,17.352941176470587,117.3529411764706,88.84180790960453
2020-03,Bronx,1995,553,1700,708,295,17.352941176470587,117.3529411764706,78.10734463276836
2020-04,Bronx,2000,398,1700,708,300,17.647058823529413,117.64705882352942,56.21468926553672
2020-05,Bronx,1975,549,1700,708,275,16.176470588235293,116.1764705882353,77.54237288135593
2020-06,Bronx,1979,662,1700,708,279,16.411764705882355,116.41176470588235,93.50282485875707
2020-07,Bronx,2000,761,1700,708,300,17.647058823529413,117.64705882352942,107.48587570621469
2020-08,Bronx,1995,811,1700,708,295,17.352941176470587,117.3529411764706,114.54802259887005
2020-09,Bronx,1995,797,1700,708,295,17.352941176470587,117.3529411764706,112.57062146892656
2020-10,Bronx,1930,781,1700,708,230,13.529411764705882,113.52941176470588,110.31073446327684
2020-11,Bronx,1904,761,1700,708,204,12.0,112.00000000000001,107.48587570621469
2020-12,Bronx,1900,798,1700,708,200,11.76470588235294,111.76470588235294,112.71186440677967
2021-01,Bronx,1900,859,1700,708,200,11.76470588235294,111.76470588235294,121.32768361581921
2021-02,Bronx,1950,807,1700,708,250,14.705882352941178,114.70588235294117,113.98305084745763
2021-03,Bronx,1904,823,1700,708,204,12.0,112.00000000000001,116.24293785310735
2021-04,Bronx,1950,805,1700,708,250,14.705882352941178,114.70588235294117,113.7005649717514
2021-05,Bronx,2000,776,1700,708,300,17.647058823529413,117.64705882352942,109.6045197740113
2021-06,Bronx,2000,895,1700,708,300,17.647058823529413,117.64705882352942,126.41242937853107
2021-07,Bronx,2050,937,1700,708,350,20.588235294117645,120.58823529411764,132.34463276836158
2021-08,Bronx,2095,995,1700,708,395,23.235294117647058,123.23529411764707,140.5367231638418
2021-09,Bronx,2010,864,1700,708,310,18.235294117647058,118.23529411764706,122.03389830508475
2021-10,Bronx,2000,862,1700,708,300,17.647058823529413,117.64705882352942,121.75141242937852
2021-11,Bronx,2095,875,1700,708,395,23.235294117647058,123.23529411764707,123.58757062146893
2021-12,Bronx,2100,765,1700,708,400,23.52941176470588,123.52941176470588,108.05084745762711
2022-01,Bronx,2095,803,1700,708,395,23.235294117647058,123.23529411764707,113.4180790960452
2022-02,Bronx,2199,859,1700,708,499,29.352941176470587,129.35294117647058,121.32768361581921
2022-03,Bronx,2200,1003,1700,708,500,29.411764705882355,129.41176470588235,141.66666666666669
2022-04,Bronx,2150,797,1700,708,450,26.47058823529412,126.47058823529412,112.57062146892656
2022-05,Bronx,2247,907,1700,708,547,32.1764705882353,132.1764705882353,128.10734463276836
2022-06,Bronx,2247,902,1700,708,547,32.1764705882353,132.1764705882353,127.40112994350284
2022-07,Bronx,2299,945,1700,708,599,35.23529411764706,135.23529411764704,133.47457627118644
2022-08,Bronx,2300,974,1700,708,600,35.294117647058826,135.29411764705884,137.57062146892656
2022-09,Bronx,2300,888,1700,708,600,35.294117647058826,135.29411764705884,125.42372881355932
2022-10,Bronx,2295,939,1700,708,595,35.0,135.0,132.6271186440678
2022-11,Bronx,2275,963,1700,708,575,33.82352941176471,133.8235294117647,136.01694915254237
2022-12,Bronx,2250,928,1700,708,550,32.35294117647059,132.35294117647058,131.0734463276836
2023-01,Bronx,2250,955,1700,708,550,32.35294117647059,132.35294117647058,134.8870056497175
2023-02,Bronx,2387,943,1700,708,687,40.411764705882355,140.41176470588235,133.19209039548022
2023-03,Bronx,2300,1045,1700,708,600,35.294117647058826,135.29411764705884,147.59887005649716
2023-04,Bronx,2495,892,1700,708,795,46.76470588235294,146.76470588235293,125.98870056497175
2023-05,Bronx,2500,983,1700,708,800,47.05882352941176,147.05882352941177,138.8418079096045
2023-06,Bronx,2599,893,1700,708,899,52.88235294117647,152.88235294117646,126.12994350282484
2023-07,Bronx,2576,885,1700,708,876,51.52941176470588,151.52941176470588,125.0
2023-08,Bronx,2595,1056,1700,708,895,52.64705882352941,152.6470588235294,149.15254237288136
2023-09,Bronx,2650,934,1700,708,950,55.88235294117647,155.88235294117646,131.92090395480224
2023-10,Bronx,2550,968,1700,708,850,50.0,150.0,136.72316384180792
2023-11,Bronx,2550,903,1700,708,850,50.0,150.0,127.54237288135593
2023-12,Bronx,2500,826,1700,708,800,47.05882352941176,147.05882352941177,116.66666666666667
2024-01,Bronx,2595,917,1700,708,895,52.64705882352941,152.6470588235294,129.51977401129943
2024-02,Bronx,2600,908,1700,708,900,52.94117647058824,152.94117647058823,128.24858757062148
2024-03,Bronx,2600,956,1700,708,900,52.94117647058824,152.94117647058823,135.02824858757063
2024-04,Bronx,2728,911,1700,708,1028,60.47058823529412,160.47058823529412,128.6723163841808
2024-05,Bronx,2871,972,1700,708,1171,68.88235294117648,168.88235294117646,137.28813559322032
2024-06,Bronx,2844,1026,1700,708,1144,67.29411764705883,167.2941176470588,144.91525423728814
2024-07,Bronx,2825,1134,1700,708,1125,66.17647058823529,166.1764705882353,160.16949152542372
2024-08,Bronx,2815,1102,1700,708,1115,65.58823529411765,165.58823529411762,155.6497175141243
2024-09,Bronx,2865,1036,1700,708,1165,68.52941176470588,168.52941176470588,146.3276836158192
2024-10,Bronx,2899,1052,1700,708,1199,70.52941176470588,170.52941176470588,148.58757062146893
2024-11,Bronx,2850,1010,1700,708,1150,67.64705882352942,167.64705882352942,142.65536723163842
2024-12,Bronx,2875,935,1700,708,1175,69.11764705882352,169.11764705882354,132.06214689265536
2025-01,Bronx,2813,1034,1700,708,1113,65.47058823529412,165.47058823529412,146.045197740113
2025-02,Bronx,2717,975,1700,708,1017,59.82352941176471,159.8235294117647,137.71186440677968
2025-03,Bronx,2800,1092,1700,708,1100,64.70588235294117,164.70588235294116,154.23728813559322
2025-04,Bronx,2995,1134,1700,708,1295,76.17647058823529,176.1764705882353,160.16949152542372
2025-05,Bronx,3000,1104,1700,708,1300,76.47058823529412,176.47058823529412,155.9322033898305
2025-06,Bronx,3050,1046,1700,708,1350,79.41176470588235,179.41176470588235,147.74011299435028
2025-07,Bronx,3000,1025,1700,708,1300,76.47058823529412,176.47058823529412,144.77401129943505
2025-08,Bronx,3060,1024,1700,708,1360,80.0,180.0,144.63276836158192
2025-09,Bronx,3000,1207,1700,708,1300,76.47058823529412,176.47058823529412,170.48022598870057
2025-10,Bronx,3100,1328,1700,708,1400,82.35294117647058,182.35294117647058,187.57062146892656
2025-11,Bronx,3100,997,1700,708,1400,82.35294117647058,182.35294117647058,140.81920903954804
2025-12,Bronx,3060,902,1700,708,1360,80.0,180.0,127.40112994350284
2026-01,Bronx,2903,912,1700,708,1203,70.76470588235294,170.76470588235296,128.81355932203388
2026-02,Bronx,3050,932,1700,708,1350,79.41176470588235,179.41176470588235,131.63841807909606
2026-03,Bronx,2900,955,1700,708,1200,70.58823529411765,170.58823529411765,134.8870056497175
2026-04,Bronx,2900,894,1700,708,1200,70.58823529411765,170.58823529411765,126.27118644067797
2026-05,Bronx,2950,977,1700,708,1250,73.52941176470588,173.52941176470588,137.99435028248587
2026-06,Bronx,2995,1007,1700,708,1295,76.17647058823529,176.1764705882353,142.2316384180791
2016-07,Brooklyn,2699,12829,2699,12829,0,0.0,100.0,100.0
2016-08,Brooklyn,2690,13638,2699,12829,-9,-0.33345683586513525,99.66654316413486,106.3060254111778
2016-09,Brooklyn,2650,12637,2699,12829,-49,-1.8154872174879586,98.18451278251204,98.50339075531997
2016-10,Brooklyn,2600,11481,2699,12829,-99,-3.6680251945164875,96.33197480548351,89.49255592797569
2016-11,Brooklyn,2525,11422,2699,12829,-174,-6.446832160059281,93.55316783994073,89.03266037882922
2016-12,Brooklyn,2500,10565,2699,12829,-199,-7.373101148573545,92.62689885142646,82.35248265648141
2017-01,Brooklyn,2500,12296,2699,12829,-199,-7.373101148573545,92.62689885142646,95.84535037804973
2017-02,Brooklyn,2500,12260,2699,12829,-199,-7.373101148573545,92.62689885142646,95.56473614467222
2017-03,Brooklyn,2495,14364,2699,12829,-204,-7.558354946276398,92.4416450537236,111.96507911762413
2017-04,Brooklyn,2500,14495,2699,12829,-199,-7.373101148573545,92.62689885142646,112.9862031335256
2017-05,Brooklyn,2500,16793,2699,12829,-199,-7.373101148573545,92.62689885142646,130.89874503078963
2017-06,Brooklyn,2570,18363,2699,12829,-129,-4.7795479807336045,95.2204520192664,143.13664354197522
2017-07,Brooklyn,2600,18185,2699,12829,-99,-3.6680251945164875,96.33197480548351,141.74916205471976
2017-08,Brooklyn,2660,13151,2699,12829,-39,-1.4449796220822526,98.55502037791774,102.50993842076545
2017-09,Brooklyn,2600,12450,2699,12829,-99,-3.6680251945164875,96.33197480548351,97.04575570972015
2017-10,Brooklyn,2536,12929,2699,12829,-163,-6.039273805113004,93.96072619488699,100.77948398160417
2017-11,Brooklyn,2500,12153,2699,12829,-199,-7.373101148573545,92.62689885142646,94.73068828435575
2017-12,Brooklyn,2475,10599,2699,12829,-224,-8.299370137087811,91.70062986291218,82.61750721022682
2018-01,Brooklyn,2450,11570,2699,12829,-249,-9.225639125602076,90.77436087439793,90.1862966716034
2018-02,Brooklyn,2450,11273,2699,12829,-249,-9.225639125602076,90.77436087439793,87.871229246239
2018-03,Brooklyn,2495,12266,2699,12829,-204,-7.558354946276398,92.4416450537236,95.61150518356848
2018-04,Brooklyn,2500,13206,2699,12829,-199,-7.373101148573545,92.62689885142646,102.93865461064775
2018-05,Brooklyn,2595,15350,2699,12829,-104,-3.8532789922193404,96.14672100778066,119.65079117624133
2018-06,Brooklyn,2625,16164,2699,12829,-74,-2.741756206002223,97.25824379399778,125.99579078649934
2018-07,Brooklyn,2699,17552,2699,12829,0,0.0,100.0,136.81502845116535
2018-08,Brooklyn,2695,18050,2699,12829,-4,-0.14820303816228234,99.8517969618377,140.69685867955414
2018-09,Brooklyn,2600,15073,2699,12829,-99,-3.6680251945164875,96.33197480548351,117.49162054719775
2018-10,Brooklyn,2550,17231,2699,12829,-149,-5.5205631715450165,94.479436828455,134.3128848702159
2018-11,Brooklyn,2500,15959,2699,12829,-199,-7.373101148573545,92.62689885142646,124.39784862421077
2018-12,Brooklyn,2500,14762,2699,12829,-199,-7.373101148573545,92.62689885142646,115.06742536440878
2019-01,Brooklyn,2500,15907,2699,12829,-199,-7.373101148573545,92.62689885142646,123.9925169537766
2019-02,Brooklyn,2500,14233,2699,12829,-199,-7.373101148573545,92.62689885142646,110.94395510172265
2019-03,Brooklyn,2500,14678,2699,12829,-199,-7.373101148573545,92.62689885142646,114.41265881986125
2019-04,Brooklyn,2595,13831,2699,12829,-104,-3.8532789922193404,96.14672100778066,107.81042949567386
2019-05,Brooklyn,2600,14986,2699,12829,-99,-3.6680251945164875,96.33197480548351,116.81346948320213
2019-06,Brooklyn,2650,14628,2699,12829,-49,-1.8154872174879586,98.18451278251204,114.02291682905916
2019-07,Brooklyn,2700,15037,2699,12829,1,0.037050759540570584,100.03705075954056,117.21100631382025
2019-08,Brooklyn,2700,14292,2699,12829,1,0.037050759540570584,100.03705075954056,111.40385065086913
2019-09,Brooklyn,2700,11705,2699,12829,1,0.037050759540570584,100.03705075954056,91.23860004676904
2019-10,Brooklyn,2696,10037,2699,12829,-3,-0.11115227862171174,99.8888477213783,78.23680723361134
2019-11,Brooklyn,2600,8849,2699,12829,-99,-3.6680251945164875,96.33197480548351,68.97653753215371
2019-12,Brooklyn,2600,7885,2699,12829,-99,-3.6680251945164875,96.33197480548351,61.46231194948943
2020-01,Brooklyn,2600,8946,2699,12829,-99,-3.6680251945164875,96.33197480548351,69.73263699430977
2020-02,Brooklyn,2680,8525,2699,12829,-19,-0.7039644312708411,99.29603556872915,66.45100943175618
2020-03,Brooklyn,2700,7793,2699,12829,1,0.037050759540570584,100.03705075954056,60.7451866864136
2020-04,Brooklyn,2767,6781,2699,12829,68,2.5194516487587992,102.5194516487588,52.856808792579315
2020-05,Brooklyn,2750,12425,2699,12829,51,1.8895887365690995,101.88958873656911,96.85088471431912
2020-06,Brooklyn,2700,17658,2699,12829,1,0.037050759540570584,100.03705075954056,137.64128147166576
2020-07,Brooklyn,2700,22333,2699,12829,1,0.037050759540570584,100.03705075954056,174.08215761166107
2020-08,Brooklyn,2615,25106,2699,12829,-84,-3.112263801407929,96.88773619859207,195.69724842154494
2020-09,Brooklyn,2500,25152,2699,12829,-199,-7.373101148573545,92.62689885142646,196.05581105308286
2020-10,Brooklyn,2450,23507,2699,12829,-249,-9.225639125602076,90.77436087439793,183.23329955569415
2020-11,Brooklyn,2400,21285,2699,12829,-299,-11.078177102630605,88.9218228973694,165.9131654844493
2020-12,Brooklyn,2400,19786,2699,12829,-299,-11.078177102630605,88.9218228973694,154.22870060020267
2021-01,Brooklyn,2395,19743,2699,12829,-304,-11.263430900333457,88.73656909966654,153.89352248811286
2021-02,Brooklyn,2385,17718,2699,12829,-314,-11.633938495739162,88.36606150426084,138.10897186062826
2021-03,Brooklyn,2399,18895,2699,12829,-300,-11.115227862171174,88.88477213782883,147.28349832410942
2021-04,Brooklyn,2400,18734,2699,12829,-299,-11.078177102630605,88.9218228973694,146.02852911372673
2021-05,Brooklyn,2429,18678,2699,12829,-270,-10.003705075954057,89.99629492404594,145.59201808402838
2021-06,Brooklyn,2499,18238,2699,12829,-200,-7.410151908114117,92.58984809188588,142.16228856497
2021-07,Brooklyn,2599,17041,2699,12829,-100,-3.7050759540570586,96.29492404594295,132.83186530516798
2021-08,Brooklyn,2650,15087,2699,12829,-49,-1.8154872174879586,98.18451278251204,117.60074830462234
2021-09,Brooklyn,2680,10649,2699,12829,-19,-0.7039644312708411,99.29603556872915,83.00724920102893
2021-10,Brooklyn,2600,10959,2699,12829,-99,-3.6680251945164875,96.33197480548351,85.42364954400186
2021-11,Brooklyn,2625,10101,2699,12829,-74,-2.741756206002223,97.25824379399778,78.73567698183803
2021-12,Brooklyn,2690,8896,2699,12829,-9,-0.33345683586513525,99.66654316413486,69.34289500350768
2022-01,Brooklyn,2725,8964,2699,12829,26,0.9633197480548351,100.96331974805483,69.87294411099852
2022-02,Brooklyn,2800,8287,2699,12829,101,3.742126713597629,103.74212671359764,64.59583755553824
2022-03,Brooklyn,2850,9586,2699,12829,151,5.594664690626158,105.59466469062615,74.7213344765765
2022-04,Brooklyn,2950,8581,2699,12829,251,9.299740644683215,109.29974064468323,66.88752046145451
2022-05,Brooklyn,3050,9206,2699,12829,351,13.004816598740273,113.00481659874026,71.75929534648063
2022-06,Brooklyn,3223,9928,2699,12829,524,19.414597999258984,119.41459799925897,77.3871696936628
2022-07,Brooklyn,3400,10730,2699,12829,701,25.972582437939977,125.97258243793999,83.6386312261283
2022-08,Brooklyn,3400,11105,2699,12829,701,25.972582437939977,125.97258243793999,86.56169615714397
2022-09,Brooklyn,3342,10120,2699,12829,643,23.823638384586886,123.82363838458687,78.88377893834281
2022-10,Brooklyn,3250,9237,2699,12829,551,20.414968506854393,120.41496850685438,72.00093538077792
2022-11,Brooklyn,3152,9430,2699,12829,453,16.783994071878475,116.78399407187847,73.50533946527399
2022-12,Brooklyn,3100,8327,2699,12829,401,14.857354575768802,114.8573545757688,64.9076311481799
2023-01,Brooklyn,3200,9249,2699,12829,501,18.56243052982586,118.56243052982587,72.09447345857043
2023-02,Brooklyn,3199,8826,2699,12829,500,18.52537977028529,118.5253797702853,68.79725621638475
2023-03,Brooklyn,3200,9928,2699,12829,501,18.56243052982586,118.56243052982587,77.3871696936628
2023-04,Brooklyn,3300,9001,2699,12829,601,22.267506483882922,122.26750648388291,70.16135318419207
2023-05,Brooklyn,3400,10666,2699,12829,701,25.972582437939977,125.97258243793999,83.13976147790163
2023-06,Brooklyn,3400,11661,2699,12829,701,25.972582437939977,125.97258243793999,90.8956270948632
2023-07,Brooklyn,3500,12075,2699,12829,801,29.677658391997035,129.67765839199703,94.1226907787045
2023-08,Brooklyn,3500,12465,2699,12829,801,29.677658391997035,129.67765839199703,97.1626783069608
2023-09,Brooklyn,3500,10678,2699,12829,801,29.677658391997035,129.67765839199703,83.23329955569413
2023-10,Brooklyn,3400,10710,2699,12829,701,25.972582437939977,125.97258243793999,83.48273442980746
2023-11,Brooklyn,3275,10413,2699,12829,576,21.341237495368656,121.34123749536865,81.16766700444306
2023-12,Brooklyn,3250,9002,2699,12829,551,20.414968506854393,120.41496850685438,70.16914802400811
2024-01,Brooklyn,3300,9701,2699,12829,601,22.267506483882922,122.26750648388291,75.6177410554213
2024-02,Brooklyn,3325,9373,2699,12829,626,23.193775472397185,123.19377547239718,73.06103359575961
2024-03,Brooklyn,3367,10011,2699,12829,668,24.74990737310115,124.74990737310114,78.03414139839427
2024-04,Brooklyn,3483,9700,2699,12829,784,29.047795479807338,129.04779547980735,75.60994621560528
2024-05,Brooklyn,3500,11993,2699,12829,801,29.677658391997035,129.67765839199703,93.48351391378907
2024-06,Brooklyn,3525,12851,2699,12829,826,30.603927380511305,130.6039273805113,100.1714864759529
2024-07,Brooklyn,3595,14628,2699,12829,896,33.197480548351244,133.19748054835122,114.02291682905916
2024-08,Brooklyn,3600,14741,2699,12829,901,33.38273434605409,133.3827343460541,114.90373372827187
2024-09,Brooklyn,3548,13421,2699,12829,849,31.45609484994442,131.45609484994444,104.61454517109674
2024-10,Brooklyn,3500,12018,2699,12829,801,29.677658391997035,129.67765839199703,93.67838490919011
2024-11,Brooklyn,3437,10670,2699,12829,738,27.343460540941088,127.3434605409411,83.1709408371658
2024-12,Brooklyn,3395,9628,2699,12829,696,25.787328640237124,125.78732864023712,75.04871774885025
2025-01,Brooklyn,3400,10344,2699,12829,701,25.972582437939977,125.97258243793999,80.62982305713618
2025-02,Brooklyn,3450,9457,2699,12829,751,27.825120414968506,127.8251204149685,73.71580014030712
2025-03,Brooklyn,3500,10288,2699,12829,801,29.677658391997035,129.67765839199703,80.19331202743784
2025-04,Brooklyn,3599,10597,2699,12829,900,33.34568358651352,133.34568358651353,82.60191753059475
2025-05,Brooklyn,3600,12499,2699,12829,901,33.38273434605409,133.3827343460541,97.4277028607062
2025-06,Brooklyn,3750,13196,2699,12829,1051,38.94034827713968,138.9403482771397,102.86070621248733
2025-07,Brooklyn,3800,14438,2699,12829,1101,40.79288625416821,140.79288625416822,112.54189726401123
2025-08,Brooklyn,3825,14244,2699,12829,1126,41.719155242682476,141.7191552426825,111.02969833969911
2025-09,Brooklyn,3800,13188,2699,12829,1101,40.79288625416821,140.79288625416822,102.798347493959
2025-10,Brooklyn,3750,11794,2699,12829,1051,38.94034827713968,138.9403482771397,91.93234079039676
2025-11,Brooklyn,3662,10127,2699,12829,963,35.67988143756947,135.67988143756946,78.9383428170551
2025-12,Brooklyn,3640,9551,2699,12829,941,34.86476472767691,134.8647647276769,74.44851508301504
2026-01,Brooklyn,3629,9634,2699,12829,930,34.45720637273064,134.45720637273064,75.09548678774651
2026-02,Brooklyn,3700,9145,2699,12829,1001,37.08781030011115,137.08781030011116,71.28381011770209
2026-03,Brooklyn,3750,10726,2699,12829,1051,38.94034827713968,138.9403482771397,83.60745186686414
2026-04,Brooklyn,3815,10716,2699,12829,1116,41.34864764727677,141.34864764727678,83.52950346870371
2026-05,Brooklyn,3895,11934,2699,12829,1196,44.31270841052242,144.31270841052242,93.0236183646426
2026-06,Brooklyn,3900,13491,2699,12829,1201,44.49796220822527,144.49796220822526,105.16018395821966
2016-07,Manhattan,3400,24171,3400,24171,0,0.0,100.0,100.0
2016-08,Manhattan,3350,24867,3400,24171,-50,-1.4705882352941175,98.52941176470588,102.87948367878863
2016-09,Manhattan,3400,22205,3400,24171,0,0.0,100.0,91.86628604526085
2016-10,Manhattan,3360,21480,3400,24171,-40,-1.1764705882352942,98.82352941176471,88.86682387985603
2016-11,Manhattan,3300,20764,3400,24171,-100,-2.941176470588235,97.05882352941177,85.90459641719416
2016-12,Manhattan,3250,19127,3400,24171,-150,-4.411764705882353,95.58823529411765,79.13201770716974
2017-01,Manhattan,3235,20888,3400,24171,-165,-4.852941176470589,95.1470588235294,86.41760787720823
2017-02,Manhattan,3255,20148,3400,24171,-145,-4.264705882352941,95.73529411764706,83.35608787389847
2017-03,Manhattan,3250,22209,3400,24171,-150,-4.411764705882353,95.58823529411765,91.88283480203549
2017-04,Manhattan,3300,22479,3400,24171,-100,-2.941176470588235,97.05882352941177,92.99987588432418
2017-05,Manhattan,3323,25209,3400,24171,-77,-2.264705882352941,97.73529411764706,104.29440238302097
2017-06,Manhattan,3300,26668,3400,24171,-100,-2.941176470588235,97.05882352941177,110.33056141657357
2017-07,Manhattan,3300,26122,3400,24171,-100,-2.941176470588235,97.05882352941177,108.07165611683422
2017-08,Manhattan,3350,21811,3400,24171,-50,-1.4705882352941175,98.52941176470588,90.23623350295809
2017-09,Manhattan,3350,19927,3400,24171,-50,-1.4705882352941175,98.52941176470588,82.44176906209921
2017-10,Manhattan,3300,20040,3400,24171,-100,-2.941176470588235,97.05882352941177,82.909271440983
2017-11,Manhattan,3231,18385,3400,24171,-169,-4.970588235294118,95.02941176470588,76.06222332547267
2017-12,Manhattan,3250,16524,3400,24171,-150,-4.411764705882353,95.58823529411765,68.36291423606802
2018-01,Manhattan,3245,17731,3400,24171,-155,-4.5588235294117645,95.44117647058825,73.35650159281784
2018-02,Manhattan,3214,17117,3400,24171,-186,-5.470588235294118,94.52941176470588,70.81626742790948
2018-03,Manhattan,3200,18408,3400,24171,-200,-5.88235294117647,94.11764705882352,76.1573786769269
2018-04,Manhattan,3250,19760,3400,24171,-150,-4.411764705882353,95.58823529411765,81.75085846675768
2018-05,Manhattan,3300,21730,3400,24171,-100,-2.941176470588235,97.05882352941177,89.90112117827148
2018-06,Manhattan,3330,22344,3400,24171,-70,-2.0588235294117645,97.94117647058823,92.44135534317984
2018-07,Manhattan,3343,23213,3400,24171,-57,-1.6764705882352942,98.32352941176471,96.03657275247197
2018-08,Manhattan,3350,22478,3400,24171,-50,-1.4705882352941175,98.52941176470588,92.99573869513053
2018-09,Manhattan,3320,18773,3400,24171,-80,-2.3529411764705883,97.6470588235294,77.66745273261347
2018-10,Manhattan,3300,19074,3400,24171,-100,-2.941176470588235,97.05882352941177,78.91274667990568
2018-11,Manhattan,3295,16941,3400,24171,-105,-3.088235294117647,96.91176470588235,70.088122129825
2018-12,Manhattan,3300,15084,3400,24171,-100,-2.941176470588235,97.05882352941177,62.40536179719498
2019-01,Manhattan,3295,16666,3400,24171,-105,-3.088235294117647,96.91176470588235,68.95039510156799
2019-02,Manhattan,3300,15828,3400,24171,-100,-2.941176470588235,97.05882352941177,65.48343055727939
2019-03,Manhattan,3301,17675,3400,24171,-99,-2.911764705882353,97.08823529411764,73.12481899797277
2019-04,Manhattan,3400,19601,3400,24171,0,0.0,100.0,81.09304538496545
2019-05,Manhattan,3495,21397,3400,24171,95,2.794117647058824,102.79411764705881,88.5234371767821
2019-06,Manhattan,3500,21666,3400,24171,100,2.941176470588235,102.94117647058823,89.63634106987712
2019-07,Manhattan,3500,22042,3400,24171,100,2.941176470588235,102.94117647058823,91.19192420669397
2019-08,Manhattan,3500,20567,3400,24171,100,2.941176470588235,102.94117647058823,85.08957014604277
2019-09,Manhattan,3525,17332,3400,24171,125,3.6764705882352944,103.6764705882353,71.70576310454678
2019-10,Manhattan,3550,16221,3400,24171,150,4.411764705882353,104.41176470588236,67.10934591038848
2019-11,Manhattan,3556,14256,3400,24171,156,4.588235294117647,104.58823529411765,58.979769144843
2019-12,Manhattan,3552,12968,3400,24171,152,4.470588235294118,104.47058823529412,53.651069463406564
2020-01,Manhattan,3577,14082,3400,24171,177,5.205882352941176,105.20588235294117,58.25989822514583
2020-02,Manhattan,3600,12846,3400,24171,200,5.88235294117647,105.88235294117648,53.146332381779814
2020-03,Manhattan,3610,11897,3400,24171,210,6.176470588235294,106.17647058823529,49.22013983699475
2020-04,Manhattan,3595,11367,3400,24171,195,5.735294117647059,105.73529411764706,47.02742956435398
2020-05,Manhattan,3479,18962,3400,24171,79,2.323529411764706,102.3235294117647,78.44938149021556
2020-06,Manhattan,3361,27648,3400,24171,-39,-1.1470588235294117,98.8529411764706,114.38500682636217
2020-07,Manhattan,3200,36533,3400,24171,-200,-5.88235294117647,94.11764705882352,151.1439328120475
2020-08,Manhattan,3008,40359,3400,24171,-392,-11.529411764705882,88.47058823529412,166.97281866699765
2020-09,Manhattan,2950,40168,3400,24171,-450,-13.23529411764706,86.76470588235294,166.18261553100822
2020-10,Manhattan,2875,40087,3400,24171,-525,-15.441176470588236,84.55882352941177,165.84750320632162
2020-11,Manhattan,2799,35610,3400,24171,-601,-17.676470588235293,82.32352941176471,147.32530718629764
2020-12,Manhattan,2775,32620,3400,24171,-625,-18.38235294117647,81.61764705882352,134.95511149724877
2021-01,Manhattan,2750,32266,3400,24171,-650,-19.11764705882353,80.88235294117648,133.49054652269248
2021-02,Manhattan,2750,29250,3400,24171,-650,-19.11764705882353,80.88235294117648,121.0127839146084
2021-03,Manhattan,2750,29808,3400,24171,-650,-19.11764705882353,80.88235294117648,123.32133548467172
2021-04,Manhattan,2800,27841,3400,24171,-600,-17.647058823529413,82.35294117647058,115.1834843407389
2021-05,Manhattan,2850,25297,3400,24171,-550,-16.176470588235293,83.82352941176471,104.65847503206322
2021-06,Manhattan,2900,23936,3400,24171,-500,-14.705882352941178,85.29411764705883,99.02776053948948
2021-07,Manhattan,3000,21182,3400,24171,-400,-11.76470588235294,88.23529411764706,87.6339415001448
2021-08,Manhattan,3100,18266,3400,24171,-300,-8.823529411764707,91.17647058823529,75.56989781142691
2021-09,Manhattan,3200,14252,3400,24171,-200,-5.88235294117647,94.11764705882352,58.96322038806835
2021-10,Manhattan,3300,12807,3400,24171,-100,-2.941176470588235,97.05882352941177,52.98498200322701
2021-11,Manhattan,3475,11263,3400,24171,75,2.2058823529411766,102.20588235294117,46.597161888213144
2021-12,Manhattan,3524,9864,3400,24171,124,3.6470588235294117,103.6470588235294,40.80923420628025
2022-01,Manhattan,3700,10303,3400,24171,300,8.823529411764707,108.8235294117647,42.62546026229779
2022-02,Manhattan,3800,10101,3400,24171,400,11.76470588235294,111.76470588235294,41.78974804517811
2022-03,Manhattan,3883,11575,3400,24171,483,14.205882352941176,114.20588235294117,47.88796491663564
2022-04,Manhattan,4000,11815,3400,24171,600,17.647058823529413,117.64705882352942,48.88089032311448
2022-05,Manhattan,4095,13559,3400,24171,695,20.441176470588236,120.44117647058823,56.0961482768607
2022-06,Manhattan,4100,15002,3400,24171,700,20.588235294117645,120.58823529411764,62.06611228331471
2022-07,Manhattan,4200,15906,3400,24171,800,23.52941176470588,123.52941176470588,65.80613131438501
2022-08,Manhattan,4200,16377,3400,24171,800,23.52941176470588,123.52941176470588,67.75474742459973
2022-09,Manhattan,4250,14521,3400,24171,850,25.0,125.0,60.07612428116338
2022-10,Manhattan,4200,14088,3400,24171,800,23.52941176470588,123.52941176470588,58.28472136030781
2022-11,Manhattan,4150,13566,3400,24171,750,22.058823529411764,122.05882352941177,56.12510860121633
2022-12,Manhattan,4160,12467,3400,24171,760,22.35294117647059,122.3529411764706,51.57833767738199
2023-01,Manhattan,4200,13903,3400,24171,800,23.52941176470588,123.52941176470588,57.51934135948037
2023-02,Manhattan,4300,12921,3400,24171,900,26.47058823529412,126.47058823529412,53.45662157130445
2023-03,Manhattan,4250,14587,3400,24171,850,25.0,125.0,60.349178767945055
2023-04,Manhattan,4390,15158,3400,24171,990,29.117647058823533,129.11764705882354,62.71151379752597
2023-05,Manhattan,4395,17792,3400,24171,995,29.264705882352942,129.26470588235296,73.60887013363121
2023-06,Manhattan,4395,19229,3400,24171,995,29.264705882352942,129.26470588235296,79.55401100492325
2023-07,Manhattan,4375,20104,3400,24171,975,28.676470588235293,128.6764705882353,83.17405154937735
2023-08,Manhattan,4300,20460,3400,24171,900,26.47058823529412,126.47058823529412,84.64689090232096
2023-09,Manhattan,4340,17733,3400,24171,940,27.647058823529413,127.6470588235294,73.36477597120516
2023-10,Manhattan,4200,17344,3400,24171,800,23.52941176470588,123.52941176470588,71.75540937487071
2023-11,Manhattan,4150,15604,3400,24171,750,22.058823529411764,122.05882352941177,64.55670017789915
2023-12,Manhattan,4150,13879,3400,24171,750,22.058823529411764,122.05882352941177,57.420048818832484
2024-01,Manhattan,4200,14692,3400,24171,800,23.52941176470588,123.52941176470588,60.78358363327955
2024-02,Manhattan,4267,13768,3400,24171,867,25.5,125.49999999999999,56.960820818336025
2024-03,Manhattan,4300,14209,3400,24171,900,26.47058823529412,126.47058823529412,58.785321252740886
2024-04,Manhattan,4400,15367,3400,24171,1000,29.411764705882355,129.41176470588235,63.57618633900128
2024-05,Manhattan,4475,17699,3400,24171,1075,31.61764705882353,131.61764705882354,73.22411153862066
2024-06,Manhattan,4400,18610,3400,24171,1000,29.411764705882355,129.41176470588235,76.99309089404659
2024-07,Manhattan,4400,20437,3400,24171,1000,29.411764705882355,129.41176470588235,84.55173555086674
2024-08,Manhattan,4395,19255,3400,24171,995,29.264705882352942,129.26470588235296,79.66157792395846
2024-09,Manhattan,4300,16971,3400,24171,900,26.47058823529412,126.47058823529412,70.21223780563484
2024-10,Manhattan,4295,15678,3400,24171,895,26.323529411764707,126.3235294117647,64.86285217823011
2024-11,Manhattan,4200,13310,3400,24171,800,23.52941176470588,123.52941176470588,55.0659881676389
2024-12,Manhattan,4300,11934,3400,24171,900,26.47058823529412,126.47058823529412,49.37321583716023
2025-01,Manhattan,4350,12527,3400,24171,950,27.941176470588236,127.94117647058823,51.8265690290017
2025-02,Manhattan,4399,11507,3400,24171,999,29.38235294117647,129.3823529411765,47.60663605146663
2025-03,Manhattan,4425,13136,3400,24171,1025,30.14705882352941,130.14705882352942,54.34611724794175
2025-04,Manhattan,4500,14834,3400,24171,1100,32.35294117647059,132.35294117647058,61.371064498779525
2025-05,Manhattan,4595,16986,3400,24171,1195,35.147058823529406,135.14705882352942,70.27429564353977
2025-06,Manhattan,4725,17308,3400,24171,1325,38.970588235294116,138.97058823529412,71.60647056389888
2025-07,Manhattan,4750,18533,3400,24171,1350,39.705882352941174,139.70588235294116,76.67452732613462
2025-08,Manhattan,4750,17058,3400,24171,1350,39.705882352941174,139.70588235294116,70.57217326548343
2025-09,Manhattan,4625,15224,3400,24171,1225,36.029411764705884,136.02941176470588,62.98456828430764
2025-10,Manhattan,4600,14104,3400,24171,1200,35.294117647058826,135.29411764705884,58.35091638740639
2025-11,Manhattan,4510,12085,3400,24171,1110,32.64705882352941,132.64705882352942,49.997931405403165
2025-12,Manhattan,4550,11290,3400,24171,1150,33.82352941176471,133.8235294117647,46.708865996442015
2026-01,Manhattan,4596,12031,3400,24171,1196,35.17647058823529,135.1764705882353,49.77452318894543
2026-02,Manhattan,4700,11484,3400,24171,1300,38.23529411764706,138.23529411764704,47.51148070001241
2026-03,Manhattan,4750,13393,3400,24171,1350,39.705882352941174,139.70588235294116,55.40937487071284
2026-04,Manhattan,4876,14236,3400,24171,1476,43.411764705882355,143.41176470588235,58.89702536096976
2026-05,Manhattan,4926,15202,3400,24171,1526,44.88235294117647,144.88235294117646,62.89355012204708
2026-06,Manhattan,4965,16538,3400,24171,1565,46.02941176470588,146.02941176470588,68.42083488477928
2016-07,Queens,2305,4049,2305,4049,0,0.0,100.0,100.0
2016-08,Queens,2395,4139,2305,4049,90,3.9045553145336225,103.90455531453362,102.22277105458137
2016-09,Queens,2300,4109,2305,4049,-5,-0.21691973969631237,99.78308026030369,101.48184736972092
2016-10,Queens,2290,4158,2305,4049,-15,-0.6507592190889371,99.34924078091106,102.69202272165967
2016-11,Queens,2250,4191,2305,4049,-55,-2.386117136659436,97.61388286334056,103.50703877500618
2016-12,Queens,2250,3945,2305,4049,-55,-2.386117136659436,97.61388286334056,97.4314645591504
2017-01,Queens,2200,4771,2305,4049,-105,-4.55531453362256,95.44468546637745,117.83156334897507
2017-02,Queens,2200,5153,2305,4049,-105,-4.55531453362256,95.44468546637745,127.26599160286491
2017-03,Queens,2200,6043,2305,4049,-105,-4.55531453362256,95.44468546637745,149.24672758705853
2017-04,Queens,2200,5941,2305,4049,-105,-4.55531453362256,95.44468546637745,146.72758705853298
2017-05,Queens,2200,6594,2305,4049,-105,-4.55531453362256,95.44468546637745,162.85502593232897
2017-06,Queens,2249,7224,2305,4049,-56,-2.4295010845986984,97.5704989154013,178.41442331439862
2017-07,Queens,2250,7094,2305,4049,-55,-2.386117136659436,97.61388286334056,175.20375401333663
2017-08,Queens,2300,4431,2305,4049,-5,-0.21691973969631237,99.78308026030369,109.43442825388985
2017-09,Queens,2260,4528,2305,4049,-45,-1.9522776572668112,98.0477223427332,111.83008150160533
2017-10,Queens,2200,4829,2305,4049,-105,-4.55531453362256,95.44468546637745,119.26401580637193
2017-11,Queens,2200,4554,2305,4049,-105,-4.55531453362256,95.44468546637745,112.47221536181773
2017-12,Queens,2200,4152,2305,4049,-105,-4.55531453362256,95.44468546637745,102.54383798468758
2018-01,Queens,2195,4595,2305,4049,-110,-4.772234273318872,95.22776572668113,113.48481106446036
2018-02,Queens,2150,4716,2305,4049,-155,-6.724511930585683,93.27548806941431,116.47320326006421
2018-03,Queens,2200,5253,2305,4049,-105,-4.55531453362256,95.44468546637745,129.73573721906644
2018-04,Queens,2200,5122,2305,4049,-105,-4.55531453362256,95.44468546637745,126.50037046184244
2018-05,Queens,2200,5432,2305,4049,-105,-4.55531453362256,95.44468546637745,134.1565818720672
2018-06,Queens,2200,5610,2305,4049,-105,-4.55531453362256,95.44468546637745,138.5527290689059
2018-07,Queens,2250,5349,2305,4049,-55,-2.386117136659436,97.61388286334056,132.1066930106199
2018-08,Queens,2300,5166,2305,4049,-5,-0.21691973969631237,99.78308026030369,127.5870585329711
2018-09,Queens,2295,4726,2305,4049,-10,-0.43383947939262474,99.56616052060737,116.72017782168436
2018-10,Queens,2200,5456,2305,4049,-105,-4.55531453362256,95.44468546637745,134.74932081995553
2018-11,Queens,2200,5215,2305,4049,-105,-4.55531453362256,95.44468546637745,128.79723388490984
2018-12,Queens,2150,4614,2305,4049,-155,-6.724511930585683,93.27548806941431,113.95406273153866
2019-01,Queens,2200,4869,2305,4049,-105,-4.55531453362256,95.44468546637745,120.25191405285256
2019-02,Queens,2200,4711,2305,4049,-105,-4.55531453362256,95.44468546637745,116.34971597925414
2019-03,Queens,2200,5136,2305,4049,-105,-4.55531453362256,95.44468546637745,126.84613484811065
2019-04,Queens,2250,5240,2305,4049,-55,-2.386117136659436,97.61388286334056,129.41467028896022
2019-05,Queens,2250,5417,2305,4049,-55,-2.386117136659436,97.61388286334056,133.78612002963695
2019-06,Queens,2300,5101,2305,4049,-5,-0.21691973969631237,99.78308026030369,125.98172388244011
2019-07,Queens,2325,5171,2305,4049,20,0.8676789587852495,100.86767895878526,127.71054581378118
2019-08,Queens,2300,4831,2305,4049,-5,-0.21691973969631237,99.78308026030369,119.31341071869596
2019-09,Queens,2300,4423,2305,4049,-5,-0.21691973969631237,99.78308026030369,109.23684860459373
2019-10,Queens,2300,4621,2305,4049,-5,-0.21691973969631237,99.78308026030369,114.12694492467277
2019-11,Queens,2300,4071,2305,4049,-5,-0.21691973969631237,99.78308026030369,100.54334403556433
2019-12,Queens,2250,3621,2305,4049,-55,-2.386117136659436,97.61388286334056,89.42948876265746
2020-01,Queens,2300,4031,2305,4049,-5,-0.21691973969631237,99.78308026030369,99.55544578908373
2020-02,Queens,2350,3789,2305,4049,45,1.9522776572668112,101.95227765726682,93.57866139787602
2020-03,Queens,2350,3203,2305,4049,45,1.9522776572668112,101.95227765726682,79.10595208693505
2020-04,Queens,2400,2404,2305,4049,95,4.121475054229935,104.12147505422993,59.372684613484815
2020-05,Queens,2350,3719,2305,4049,45,1.9522776572668112,101.95227765726682,91.84983946653495
2020-06,Queens,2344,5163,2305,4049,39,1.6919739696312366,101.69197396963123,127.51296616448506
2020-07,Queens,2300,6550,2305,4049,-5,-0.21691973969631237,99.78308026030369,161.7683378612003
2020-08,Queens,2245,7251,2305,4049,-60,-2.6030368763557483,97.39696312364426,179.08125463077303
2020-09,Queens,2200,7305,2305,4049,-105,-4.55531453362256,95.44468546637745,180.41491726352186
2020-10,Queens,2100,7777,2305,4049,-205,-8.893709327548807,91.1062906724512,192.0721165719931
2020-11,Queens,2100,7209,2305,4049,-205,-8.893709327548807,91.1062906724512,178.0439614719684
2020-12,Queens,2045,6803,2305,4049,-260,-11.279826464208242,88.72017353579176,168.01679427019016
2021-01,Queens,2000,7515,2305,4049,-305,-13.232104121475055,86.76789587852495,185.60138305754506
2021-02,Queens,2000,6836,2305,4049,-305,-13.232104121475055,86.76789587852495,168.83181032353667
2021-03,Queens,2000,7652,2305,4049,-305,-13.232104121475055,86.76789587852495,188.98493455174116
2021-04,Queens,2050,7394,2305,4049,-255,-11.062906724511931,88.93709327548807,182.61299086194123
2021-05,Queens,2100,7079,2305,4049,-205,-8.893709327548807,91.1062906724512,174.8332921709064
2021-06,Queens,2195,6887,2305,4049,-110,-4.772234273318872,95.22776572668113,170.09138058779945
2021-07,Queens,2200,6212,2305,4049,-105,-4.55531453362256,95.44468546637745,153.42059767843912
2021-08,Queens,2250,5734,2305,4049,-55,-2.386117136659436,97.61388286334056,141.61521363299582
2021-09,Queens,2250,5120,2305,4049,-55,-2.386117136659436,97.61388286334056,126.4509755495184
2021-10,Queens,2250,5118,2305,4049,-55,-2.386117136659436,97.61388286334056,126.40158063719437
2021-11,Queens,2295,4796,2305,4049,-10,-0.43383947939262474,99.56616052060737,118.44899975302543
2021-12,Queens,2300,4119,2305,4049,-5,-0.21691973969631237,99.78308026030369,101.72882193134107
2022-01,Queens,2300,4128,2305,4049,-5,-0.21691973969631237,99.78308026030369,101.95109903679922
2022-02,Queens,2300,3984,2305,4049,-5,-0.21691973969631237,99.78308026030369,98.39466534946901
2022-03,Queens,2335,4351,2305,4049,30,1.3015184381778742,101.30151843817788,107.45863176092863
2022-04,Queens,2400,3822,2305,4049,95,4.121475054229935,104.12147505422993,94.39367745122253
2022-05,Queens,2500,3652,2305,4049,195,8.459869848156181,108.45986984815619,90.19510990367992
2022-06,Queens,2600,3594,2305,4049,295,12.79826464208243,112.79826464208243,88.76265744628303
2022-07,Queens,2600,3664,2305,4049,295,12.79826464208243,112.79826464208243,90.4914793776241
2022-08,Queens,2650,4147,2305,4049,345,14.967462039045554,114.96746203904556,102.42035070387749
2022-09,Queens,2700,4020,2305,4049,395,17.136659436008678,117.13665943600869,99.28377377130155
2022-10,Queens,2695,3975,2305,4049,390,16.919739696312362,116.91973969631238,98.17238824401086
2022-11,Queens,2605,3953,2305,4049,300,13.015184381778742,113.01518438177874,97.62904420844653
2022-12,Queens,2600,3594,2305,4049,295,12.79826464208243,112.79826464208243,88.76265744628303
2023-01,Queens,2600,4144,2305,4049,295,12.79826464208243,112.79826464208243,102.34625833539145
2023-02,Queens,2600,3811,2305,4049,295,12.79826464208243,112.79826464208243,94.12200543344036
2023-03,Queens,2650,4161,2305,4049,345,14.967462039045554,114.96746203904556,102.7661150901457
2023-04,Queens,2700,3667,2305,4049,395,17.136659436008678,117.13665943600869,90.56557174611015
2023-05,Queens,2800,3891,2305,4049,495,21.475054229934923,121.47505422993493,96.09780192640159
2023-06,Queens,2850,4009,2305,4049,545,23.644251626898047,123.64425162689805,99.01210175351939
2023-07,Queens,2900,4332,2305,4049,595,25.813449023861175,125.81344902386118,106.98938009385033
2023-08,Queens,2900,4360,2305,4049,595,25.813449023861175,125.81344902386118,107.68090886638677
2023-09,Queens,2950,3938,2305,4049,645,27.9826464208243,127.98264642082428,97.2585823660163
2023-10,Queens,2900,4266,2305,4049,595,25.813449023861175,125.81344902386118,105.35934798715732
2023-11,Queens,2900,4362,2305,4049,595,25.813449023861175,125.81344902386118,107.7303037787108
2023-12,Queens,2930,3774,2305,4049,625,27.114967462039047,127.11496746203905,93.20819955544579
2024-01,Queens,2850,4154,2305,4049,545,23.644251626898047,123.64425162689805,102.5932328970116
2024-02,Queens,2950,3937,2305,4049,645,27.9826464208243,127.98264642082428,97.23388490985428
2024-03,Queens,2995,4081,2305,4049,690,29.934924078091107,129.93492407809111,100.79031859718448
2024-04,Queens,3000,4024,2305,4049,695,30.151843817787416,130.1518438177874,99.38256359594962
2024-05,Queens,3000,4323,2305,4049,695,30.151843817787416,130.1518438177874,106.76710298839221
2024-06,Queens,3100,4420,2305,4049,795,34.490238611713664,134.49023861171366,109.16275623610767
2024-07,Queens,3175,4931,2305,4049,870,37.744034707158356,137.74403470715833,121.78315633489751
2024-08,Queens,3150,4727,2305,4049,845,36.659436008676785,136.65943600867678,116.74487527784638
2024-09,Queens,3050,4625,2305,4049,745,32.32104121475054,132.32104121475055,114.22573474932082
2024-10,Queens,3000,4836,2305,4049,695,30.151843817787416,130.1518438177874,119.43689799950606
2024-11,Queens,3000,4566,2305,4049,695,30.151843817787416,130.1518438177874,112.76858483576191
2024-12,Queens,3000,4110,2305,4049,695,30.151843817787416,130.1518438177874,101.50654482588293
2025-01,Queens,3000,4509,2305,4049,695,30.151843817787416,130.1518438177874,111.36082983452704
2025-02,Queens,3000,4286,2305,4049,695,30.151843817787416,130.1518438177874,105.85329711039763
2025-03,Queens,3000,4692,2305,4049,695,30.151843817787416,130.1518438177874,115.88046431217585
2025-04,Queens,3125,4700,2305,4049,820,35.57483731019523,135.57483731019522,116.07804396147196
2025-05,Queens,3150,4758,2305,4049,845,36.659436008676785,136.65943600867678,117.51049641886885
2025-06,Queens,3210,4642,2305,4049,905,39.26247288503254,139.26247288503254,114.64559150407507
2025-07,Queens,3376,4662,2305,4049,1071,46.46420824295011,146.4642082429501,115.1395406273154
2025-08,Queens,3310,4493,2305,4049,1005,43.600867678958785,143.6008676789588,110.9656705359348
2025-09,Queens,3246,4570,2305,4049,941,40.82429501084599,140.824295010846,112.86737466040996
2025-10,Queens,3200,4664,2305,4049,895,38.82863340563991,138.82863340563992,115.18893553963943
2025-11,Queens,3200,4238,2305,4049,895,38.82863340563991,138.82863340563992,104.66781921462089
2025-12,Queens,3200,3964,2305,4049,895,38.82863340563991,138.82863340563992,97.9007162262287
2026-01,Queens,3200,4135,2305,4049,895,38.82863340563991,138.82863340563992,102.12398122993332
2026-02,Queens,3150,3919,2305,4049,845,36.659436008676785,136.65943600867678,96.78933069893802
2026-03,Queens,3125,4333,2305,4049,820,35.57483731019523,135.57483731019522,107.01407755001236
2026-04,Queens,3200,4141,2305,4049,895,38.82863340563991,138.82863340563992,102.2721659669054
2026-05,Queens,3350,4273,2305,4049,1045,45.33622559652928,145.3362255965293,105.53223018029144
2026-06,Queens,3350,4668,2305,4049,1045,45.33622559652928,145.3362255965293,115.28772536428748
2016-07,Staten Island,2050,75,2050,75,0,0.0,100.0,100.0
2016-08,Staten Island,2000,96,2050,75,-50,-2.4390243902439024,97.5609756097561,128.0
2016-09,Staten Island,2000,99,2050,75,-50,-2.4390243902439024,97.5609756097561,132.0
2016-10,Staten Island,1950,104,2050,75,-100,-4.878048780487805,95.1219512195122,138.66666666666669
2016-11,Staten Island,1900,120,2050,75,-150,-7.317073170731707,92.6829268292683,160.0
2016-12,Staten Island,1950,100,2050,75,-100,-4.878048780487805,95.1219512195122,133.33333333333331
2017-01,Staten Island,1900,95,2050,75,-150,-7.317073170731707,92.6829268292683,126.66666666666666
2017-02,Staten Island,1935,95,2050,75,-115,-5.609756097560976,94.39024390243902,126.66666666666666
2017-03,Staten Island,1899,112,2050,75,-151,-7.365853658536585,92.63414634146342,149.33333333333334
2017-04,Staten Island,1900,106,2050,75,-150,-7.317073170731707,92.6829268292683,141.33333333333334
2017-05,Staten Island,2000,124,2050,75,-50,-2.4390243902439024,97.5609756097561,165.33333333333334
2017-06,Staten Island,2050,93,2050,75,0,0.0,100.0,124.0
2017-07,Staten Island,1995,89,2050,75,-55,-2.682926829268293,97.3170731707317,118.66666666666667
2017-08,Staten Island,2000,37,2050,75,-50,-2.4390243902439024,97.5609756097561,49.333333333333336
2017-09,Staten Island,1800,53,2050,75,-250,-12.195121951219512,87.8048780487805,70.66666666666667
2017-10,Staten Island,1875,51,2050,75,-175,-8.536585365853659,91.46341463414635,68.0
2017-11,Staten Island,1900,75,2050,75,-150,-7.317073170731707,92.6829268292683,100.0
2017-12,Staten Island,1950,77,2050,75,-100,-4.878048780487805,95.1219512195122,102.66666666666666
2018-01,Staten Island,1850,93,2050,75,-200,-9.75609756097561,90.2439024390244,124.0
2018-02,Staten Island,1850,89,2050,75,-200,-9.75609756097561,90.2439024390244,118.66666666666667
2018-03,Staten Island,1850,100,2050,75,-200,-9.75609756097561,90.2439024390244,133.33333333333331
2018-04,Staten Island,1832,71,2050,75,-218,-10.634146341463415,89.3658536585366,94.66666666666667
2018-05,Staten Island,1832,82,2050,75,-218,-10.634146341463415,89.3658536585366,109.33333333333333
2018-06,Staten Island,1887,80,2050,75,-163,-7.951219512195122,92.04878048780488,106.66666666666667
2018-07,Staten Island,1950,81,2050,75,-100,-4.878048780487805,95.1219512195122,108.0
2018-08,Staten Island,2025,87,2050,75,-25,-1.2195121951219512,98.78048780487805,115.99999999999999
2018-09,Staten Island,2050,77,2050,75,0,0.0,100.0,102.66666666666666
2018-10,Staten Island,1900,97,2050,75,-150,-7.317073170731707,92.6829268292683,129.33333333333331
2018-11,Staten Island,1950,86,2050,75,-100,-4.878048780487805,95.1219512195122,114.66666666666667
2018-12,Staten Island,1865,88,2050,75,-185,-9.024390243902438,90.97560975609757,117.33333333333333
2019-01,Staten Island,1865,97,2050,75,-185,-9.024390243902438,90.97560975609757,129.33333333333331
2019-02,Staten Island,1856,96,2050,75,-194,-9.463414634146341,90.53658536585367,128.0
2019-03,Staten Island,1890,75,2050,75,-160,-7.804878048780488,92.19512195121952,100.0
2019-04,Staten Island,1875,67,2050,75,-175,-8.536585365853659,91.46341463414635,89.33333333333333
2019-05,Staten Island,2100,64,2050,75,50,2.4390243902439024,102.4390243902439,85.33333333333334
2019-06,Staten Island,2050,45,2050,75,0,0.0,100.0,60.0
2019-07,Staten Island,2000,56,2050,75,-50,-2.4390243902439024,97.5609756097561,74.66666666666667
2019-08,Staten Island,2035,60,2050,75,-15,-0.7317073170731708,99.26829268292683,80.0
2019-09,Staten Island,2200,69,2050,75,150,7.317073170731707,107.31707317073172,92.0
2019-10,Staten Island,2200,64,2050,75,150,7.317073170731707,107.31707317073172,85.33333333333334
2019-11,Staten Island,2200,60,2050,75,150,7.317073170731707,107.31707317073172,80.0
2019-12,Staten Island,1990,48,2050,75,-60,-2.9268292682926833,97.07317073170731,64.0
2020-01,Staten Island,1952,49,2050,75,-98,-4.780487804878049,95.21951219512195,65.33333333333333
2020-02,Staten Island,1998,50,2050,75,-52,-2.5365853658536586,97.46341463414635,66.66666666666666
2020-03,Staten Island,2150,44,2050,75,100,4.878048780487805,104.8780487804878,58.666666666666664
2020-04,Staten Island,1800,24,2050,75,-250,-12.195121951219512,87.8048780487805,32.0
2020-05,Staten Island,1833,40,2050,75,-217,-10.585365853658537,89.41463414634147,53.333333333333336
2020-06,Staten Island,1875,36,2050,75,-175,-8.536585365853659,91.46341463414635,48.0
2020-07,Staten Island,1900,37,2050,75,-150,-7.317073170731707,92.6829268292683,49.333333333333336
2020-08,Staten Island,1787,38,2050,75,-263,-12.829268292682928,87.17073170731707,50.66666666666667
2020-09,Staten Island,1850,30,2050,75,-200,-9.75609756097561,90.2439024390244,40.0
2020-10,Staten Island,1950,35,2050,75,-100,-4.878048780487805,95.1219512195122,46.666666666666664
2020-11,Staten Island,1950,32,2050,75,-100,-4.878048780487805,95.1219512195122,42.66666666666667
2020-12,Staten Island,2200,34,2050,75,150,7.317073170731707,107.31707317073172,45.33333333333333
2021-01,Staten Island,1995,35,2050,75,-55,-2.682926829268293,97.3170731707317,46.666666666666664
2021-02,Staten Island,1895,45,2050,75,-155,-7.560975609756097,92.4390243902439,60.0
2021-03,Staten Island,1845,41,2050,75,-205,-10.0,90.0,54.666666666666664
2021-04,Staten Island,1800,48,2050,75,-250,-12.195121951219512,87.8048780487805,64.0
2021-05,Staten Island,1877,52,2050,75,-173,-8.439024390243903,91.5609756097561,69.33333333333334
2021-06,Staten Island,1800,60,2050,75,-250,-12.195121951219512,87.8048780487805,80.0
2021-07,Staten Island,1800,57,2050,75,-250,-12.195121951219512,87.8048780487805,76.0
2021-08,Staten Island,1950,54,2050,75,-100,-4.878048780487805,95.1219512195122,72.0
2021-09,Staten Island,2000,39,2050,75,-50,-2.4390243902439024,97.5609756097561,52.0
2021-10,Staten Island,2075,52,2050,75,25,1.2195121951219512,101.21951219512195,69.33333333333334
2021-11,Staten Island,2000,55,2050,75,-50,-2.4390243902439024,97.5609756097561,73.33333333333333
2021-12,Staten Island,2070,51,2050,75,20,0.975609756097561,100.97560975609755,68.0
2022-01,Staten Island,2050,42,2050,75,0,0.0,100.0,56.00000000000001
2022-02,Staten Island,1900,54,2050,75,-150,-7.317073170731707,92.6829268292683,72.0
2022-03,Staten Island,1900,76,2050,75,-150,-7.317073170731707,92.6829268292683,101.33333333333334
2022-04,Staten Island,1950,66,2050,75,-100,-4.878048780487805,95.1219512195122,88.0
2022-05,Staten Island,1950,78,2050,75,-100,-4.878048780487805,95.1219512195122,104.0
2022-06,Staten Island,1950,70,2050,75,-100,-4.878048780487805,95.1219512195122,93.33333333333333
2022-07,Staten Island,2075,84,2050,75,25,1.2195121951219512,101.21951219512195,112.00000000000001
2022-08,Staten Island,2200,89,2050,75,150,7.317073170731707,107.31707317073172,118.66666666666667
2022-09,Staten Island,2300,89,2050,75,250,12.195121951219512,112.19512195121952,118.66666666666667
2022-10,Staten Island,2200,73,2050,75,150,7.317073170731707,107.31707317073172,97.33333333333334
2022-11,Staten Island,2200,88,2050,75,150,7.317073170731707,107.31707317073172,117.33333333333333
2022-12,Staten Island,1950,85,2050,75,-100,-4.878048780487805,95.1219512195122,113.33333333333333
2023-01,Staten Island,2095,92,2050,75,45,2.195121951219512,102.19512195121952,122.66666666666666
2023-02,Staten Island,2175,91,2050,75,125,6.097560975609756,106.09756097560977,121.33333333333334
2023-03,Staten Island,2200,102,2050,75,150,7.317073170731707,107.31707317073172,136.0
2023-04,Staten Island,2200,83,2050,75,150,7.317073170731707,107.31707317073172,110.66666666666667
2023-05,Staten Island,2100,66,2050,75,50,2.4390243902439024,102.4390243902439,88.0
2023-06,Staten Island,2000,80,2050,75,-50,-2.4390243902439024,97.5609756097561,106.66666666666667
2023-07,Staten Island,1899,60,2050,75,-151,-7.365853658536585,92.63414634146342,80.0
2023-08,Staten Island,2000,84,2050,75,-50,-2.4390243902439024,97.5609756097561,112.00000000000001
2023-09,Staten Island,2075,61,2050,75,25,1.2195121951219512,101.21951219512195,81.33333333333333
2023-10,Staten Island,2050,60,2050,75,0,0.0,100.0,80.0
2023-11,Staten Island,2200,62,2050,75,150,7.317073170731707,107.31707317073172,82.66666666666667
2023-12,Staten Island,2255,53,2050,75,205,10.0,110.00000000000001,70.66666666666667
2024-01,Staten Island,2595,66,2050,75,545,26.585365853658537,126.58536585365854,88.0
2024-02,Staten Island,2500,44,2050,75,450,21.951219512195124,121.95121951219512,58.666666666666664
2024-03,Staten Island,2500,47,2050,75,450,21.951219512195124,121.95121951219512,62.66666666666667
2024-04,Staten Island,2500,38,2050,75,450,21.951219512195124,121.95121951219512,50.66666666666667
2024-05,Staten Island,2700,42,2050,75,650,31.70731707317073,131.70731707317074,56.00000000000001
2024-06,Staten Island,2700,37,2050,75,650,31.70731707317073,131.70731707317074,49.333333333333336
2024-07,Staten Island,2550,51,2050,75,500,24.390243902439025,124.39024390243902,68.0
2024-08,Staten Island,2700,54,2050,75,650,31.70731707317073,131.70731707317074,72.0
2024-09,Staten Island,2850,53,2050,75,800,39.02439024390244,139.02439024390242,70.66666666666667
2024-10,Staten Island,2750,61,2050,75,700,34.146341463414636,134.14634146341464,81.33333333333333
2024-11,Staten Island,2700,49,2050,75,650,31.70731707317073,131.70731707317074,65.33333333333333
2024-12,Staten Island,2395,54,2050,75,345,16.82926829268293,116.82926829268293,72.0
2025-01,Staten Island,2450,76,2050,75,400,19.51219512195122,119.51219512195121,101.33333333333334
2025-02,Staten Island,2750,73,2050,75,700,34.146341463414636,134.14634146341464,97.33333333333334
2025-03,Staten Island,2825,74,2050,75,775,37.80487804878049,137.80487804878047,98.66666666666667
2025-04,Staten Island,2800,59,2050,75,750,36.58536585365854,136.58536585365854,78.66666666666666
2025-05,Staten Island,2750,46,2050,75,700,34.146341463414636,134.14634146341464,61.33333333333333
2025-06,Staten Island,3125,71,2050,75,1075,52.4390243902439,152.4390243902439,94.66666666666667
2025-07,Staten Island,3000,63,2050,75,950,46.34146341463415,146.34146341463415,84.0
2025-08,Staten Island,3000,68,2050,75,950,46.34146341463415,146.34146341463415,90.66666666666666
2025-09,Staten Island,3000,67,2050,75,950,46.34146341463415,146.34146341463415,89.33333333333333
2025-10,Staten Island,3200,52,2050,75,1150,56.09756097560976,156.09756097560975,69.33333333333334
2025-11,Staten Island,3300,59,2050,75,1250,60.97560975609756,160.97560975609758,78.66666666666666
2025-12,Staten Island,3300,54,2050,75,1250,60.97560975609756,160.97560975609758,72.0
2026-01,Staten Island,2850,55,2050,75,800,39.02439024390244,139.02439024390242,73.33333333333333
2026-02,Staten Island,2890,43,2050,75,840,40.97560975609756,140.97560975609755,57.333333333333336
2026-03,Staten Island,2850,51,2050,75,800,39.02439024390244,139.02439024390242,68.0
2026-04,Staten Island,3265,51,2050,75,1215,59.26829268292683,159.26829268292684,68.0
2026-05,Staten Island,3250,45,2050,75,1200,58.536585365853654,158.53658536585365,60.0
2026-06,Staten Island,3300,57,2050,75,1250,60.97560975609756,160.97560975609758,76.0
