date,borough,median_asking_rent_usd,rental_inventory,rent_index,inventory_index,rent_change_from_baseline_usd,rent_growth_from_baseline_pct,inventory_change_from_baseline,inventory_growth_from_baseline_pct,rent_yoy_pct,inventory_yoy_pct
2016-07,Bronx,1700,708,100.0,100.0,0,0.0,0,0.0,,
2016-08,Bronx,1700,854,100.0,120.62146892655367,0,0.0,146,20.621468926553675,,
2016-09,Bronx,1700,883,100.0,124.7175141242938,0,0.0,175,24.7175141242938,,
2016-10,Bronx,1699,886,99.94117647058823,125.14124293785312,-1,-0.05882352941176805,178,25.14124293785312,,
2016-11,Bronx,1675,899,98.52941176470588,126.97740112994352,-25,-1.470588235294116,191,26.977401129943516,,
2016-12,Bronx,1700,816,100.0,115.2542372881356,0,0.0,108,15.254237288135599,,
2017-01,Bronx,1700,919,100.0,129.80225988700565,0,0.0,211,29.802259887005647,,
2017-02,Bronx,1675,940,98.52941176470588,132.7683615819209,-25,-1.470588235294116,232,32.768361581920914,,
2017-03,Bronx,1750,951,102.94117647058823,134.32203389830508,50,2.941176470588232,243,34.32203389830508,,
2017-04,Bronx,1749,921,102.88235294117646,130.08474576271186,49,2.882352941176464,213,30.08474576271186,,
2017-05,Bronx,1750,969,102.94117647058823,136.864406779661,50,2.941176470588232,261,36.86440677966101,,
2017-06,Bronx,1750,1006,102.94117647058823,142.090395480226,50,2.941176470588232,298,42.09039548022599,,
2017-07,Bronx,1750,953,102.94117647058823,134.6045197740113,50,2.941176470588232,245,34.604519774011294,2.941176470588225,34.60451977401129
2017-08,Bronx,1750,693,102.94117647058823,97.88135593220339,50,2.941176470588232,-15,-2.118644067796609,2.941176470588225,-18.852459016393443
2017-09,Bronx,1750,709,102.94117647058823,100.14124293785312,50,2.941176470588232,1,0.14124293785312148,2.941176470588225,-19.705549263873156
2017-10,Bronx,1795,794,105.58823529411765,112.14689265536724,95,5.588235294117652,86,12.146892655367239,5.650382577987045,-10.383747178329571
2017-11,Bronx,1750,757,102.94117647058823,106.92090395480224,50,2.941176470588232,49,6.920903954802242,4.477611940298498,-15.795328142380427
2017-12,Bronx,1750,657,102.94117647058823,92.79661016949152,50,2.941176470588232,-51,-7.203389830508485,2.941176470588225,-19.485294117647058
2018-01,Bronx,1790,683,105.29411764705883,96.46892655367232,90,5.294117647058826,-25,-3.5310734463276816,5.294117647058827,-25.680087051142543
2018-02,Bronx,1800,678,105.88235294117648,95.76271186440678,100,5.882352941176478,-30,-4.237288135593218,7.462686567164178,-27.872340425531917
2018-03,Bronx,1860,696,109.41176470588236,98.30508474576271,160,9.411764705882362,-12,-1.6949152542372872,6.2857142857142945,-26.813880126182966
2018-04,Bronx,1925,698,113.23529411764706,98.58757062146893,225,13.235294117647058,-10,-1.4124293785310726,10.062893081761004,-24.212812160694895
2018-05,Bronx,1900,793,111.76470588235294,112.00564971751412,200,11.764705882352942,85,12.005649717514117,8.571428571428562,-18.16305469556243
2018-06,Bronx,1940,826,114.11764705882352,116.66666666666667,240,14.117647058823522,118,16.66666666666667,10.857142857142854,-17.892644135188863
2018-07,Bronx,1900,924,111.76470588235294,130.5084745762712,200,11.764705882352942,216,30.508474576271198,8.571428571428562,-3.0430220356768123
2018-08,Bronx,1899,1054,111.70588235294116,148.87005649717514,199,11.70588235294116,346,48.87005649717514,8.51428571428572,52.0923520923521
2018-09,Bronx,1949,916,114.64705882352942,129.3785310734463,249,14.64705882352942,208,29.37853107344631,11.371428571428567,29.196050775740478
2018-10,Bronx,1940,1114,114.11764705882352,157.34463276836158,240,14.117647058823522,406,57.34463276836158,8.077994428969347,40.30226700251889
2018-11,Bronx,1825,1054,107.35294117647058,148.87005649717514,125,7.35294117647058,346,48.87005649717514,4.285714285714293,39.23381770145311
2018-12,Bronx,1850,976,108.8235294117647,137.85310734463278,150,8.823529411764696,268,37.853107344632775,5.714285714285716,48.55403348554033
2019-01,Bronx,1899,1053,111.70588235294116,148.72881355932205,199,11.70588235294116,345,48.72881355932205,6.0893854748603315,54.172767203513914
2019-02,Bronx,1875,1001,110.29411764705883,141.38418079096044,175,10.294117647058826,293,41.38418079096044,4.166666666666674,47.64011799410029
2019-03,Bronx,1890,1036,111.1764705882353,146.3276836158192,190,11.176470588235304,328,46.32768361581921,1.6129032258064502,48.85057471264367
2019-04,Bronx,1895,996,111.47058823529412,140.67796610169492,195,11.470588235294116,288,40.67796610169492,-1.558441558441559,42.693409742120345
2019-05,Bronx,1895,1121,111.47058823529412,158.33333333333331,195,11.470588235294116,413,58.333333333333314,-0.2631578947368429,41.361916771752824
2019-06,Bronx,1899,1002,111.70588235294116,141.52542372881356,199,11.70588235294116,294,41.525423728813564,-2.1134020618556737,21.307506053268767
2019-07,Bronx,1925,1081,113.23529411764706,152.68361581920905,225,13.235294117647058,373,52.68361581920905,1.3157894736842035,16.991341991342
2019-08,Bronx,1950,1027,114.70588235294117,145.05649717514123,250,14.705882352941174,319,45.05649717514123,2.6856240126382325,-2.561669829222013
2019-09,Bronx,2000,962,117.64705882352942,135.87570621468927,300,17.64705882352942,254,35.875706214689274,2.616726526423796,5.021834061135366
2019-10,Bronx,1970,865,115.88235294117648,122.17514124293784,270,15.882352941176478,157,22.17514124293784,1.546391752577314,-22.351885098743264
2019-11,Bronx,1938,818,113.99999999999999,115.5367231638418,238,13.999999999999986,110,15.536723163841799,6.191780821917803,-22.390891840607207
2019-12,Bronx,1920,702,112.94117647058823,99.15254237288136,220,12.941176470588232,-6,-0.8474576271186436,3.7837837837837895,-28.073770491803273
2020-01,Bronx,1950,695,114.70588235294117,98.1638418079096,250,14.705882352941174,-13,-1.8361581920903944,2.6856240126382325,-33.99810066476733
2020-02,Bronx,1995,629,117.3529411764706,88.84180790960453,295,17.352941176470594,-79,-11.158192090395474,6.400000000000006,-37.16283716283716
2020-03,Bronx,1995,553,117.3529411764706,78.10734463276836,295,17.352941176470594,-155,-21.89265536723164,5.555555555555558,-46.62162162162162
2020-04,Bronx,2000,398,117.64705882352942,56.21468926553672,300,17.64705882352942,-310,-43.78531073446328,5.54089709762533,-60.040160642570285
2020-05,Bronx,1975,549,116.1764705882353,77.54237288135593,275,16.176470588235304,-159,-22.45762711864407,4.221635883905006,-51.025869759143625
2020-06,Bronx,1979,662,116.41176470588235,93.50282485875707,279,16.411764705882348,-46,-6.497175141242934,4.212743549236442,-33.93213572854291
2020-07,Bronx,2000,761,117.64705882352942,107.48587570621469,300,17.64705882352942,53,7.485875706214685,3.8961038961038863,-29.60222016651248
2020-08,Bronx,1995,811,117.3529411764706,114.54802259887005,295,17.352941176470594,103,14.548022598870048,2.3076923076922995,-21.032132424537487
2020-09,Bronx,1995,797,117.3529411764706,112.57062146892656,295,17.352941176470594,89,12.57062146892656,-0.24999999999999467,-17.15176715176715
2020-10,Bronx,1930,781,113.52941176470588,110.31073446327684,230,13.529411764705884,73,10.310734463276845,-2.030456852791873,-9.710982658959534
2020-11,Bronx,1904,761,112.00000000000001,107.48587570621469,204,12.000000000000014,53,7.485875706214685,-1.7543859649122862,-6.968215158924207
2020-12,Bronx,1900,798,111.76470588235294,112.71186440677967,200,11.764705882352942,90,12.711864406779668,-1.041666666666663,13.675213675213671
2021-01,Bronx,1900,859,111.76470588235294,121.32768361581921,200,11.764705882352942,151,21.32768361581921,-2.564102564102566,23.59712230215827
2021-02,Bronx,1950,807,114.70588235294117,113.98305084745763,250,14.705882352941174,99,13.983050847457633,-2.2556390977443663,28.298887122416527
2021-03,Bronx,1904,823,112.00000000000001,116.24293785310735,204,12.000000000000014,115,16.24293785310735,-4.561403508771933,48.8245931283906
2021-04,Bronx,1950,805,114.70588235294117,113.7005649717514,250,14.705882352941174,97,13.700564971751405,-2.500000000000002,102.26130653266333
2021-05,Bronx,2000,776,117.64705882352942,109.6045197740113,300,17.64705882352942,68,9.604519774011294,1.2658227848101333,41.347905282331524
2021-06,Bronx,2000,895,117.64705882352942,126.41242937853107,300,17.64705882352942,187,26.412429378531073,1.0611419909045017,35.196374622356494
2021-07,Bronx,2050,937,120.58823529411764,132.34463276836158,350,20.588235294117638,229,32.34463276836158,2.499999999999991,23.127463863337706
2021-08,Bronx,2095,995,123.23529411764707,140.5367231638418,395,23.235294117647072,287,40.5367231638418,5.012531328320802,22.68803945745992
2021-09,Bronx,2010,864,118.23529411764706,122.03389830508475,310,18.235294117647058,156,22.033898305084747,0.7518796992481258,8.40652446675032
2021-10,Bronx,2000,862,117.64705882352942,121.75141242937852,300,17.64705882352942,154,21.75141242937852,3.626943005181338,10.371318822023046
2021-11,Bronx,2095,875,123.23529411764707,123.58757062146893,395,23.235294117647072,167,23.587570621468927,10.031512605042025,14.980289093298293
2021-12,Bronx,2100,765,123.52941176470588,108.05084745762711,400,23.529411764705884,57,8.050847457627114,10.526315789473696,-4.135338345864659
2022-01,Bronx,2095,803,123.23529411764707,113.4180790960452,395,23.235294117647072,95,13.418079096045204,10.26315789473684,-6.519208381839348
2022-02,Bronx,2199,859,129.35294117647058,121.32768361581921,499,29.35294117647058,151,21.32768361581921,12.769230769230777,6.443618339529111
2022-03,Bronx,2200,1003,129.41176470588235,141.66666666666669,500,29.411764705882348,295,41.666666666666686,15.546218487394947,21.87120291616038
2022-04,Bronx,2150,797,126.47058823529412,112.57062146892656,450,26.470588235294116,89,12.57062146892656,10.256410256410264,-0.9937888198757738
2022-05,Bronx,2247,907,132.1764705882353,128.10734463276836,547,32.176470588235304,199,28.10734463276836,12.349999999999994,16.881443298969078
2022-06,Bronx,2247,902,132.1764705882353,127.40112994350284,547,32.176470588235304,194,27.401129943502838,12.349999999999994,0.7821229050279266
2022-07,Bronx,2299,945,135.23529411764704,133.47457627118644,599,35.235294117647044,237,33.474576271186436,12.146341463414645,0.8537886872998834
2022-08,Bronx,2300,974,135.29411764705884,137.57062146892656,600,35.29411764705884,266,37.57062146892656,9.785202863961807,-2.1105527638190957
2022-09,Bronx,2300,888,135.29411764705884,125.42372881355932,600,35.29411764705884,180,25.423728813559322,14.427860696517403,2.777777777777768
2022-10,Bronx,2295,939,135.0,132.6271186440678,595,35.0,231,32.62711864406779,14.749999999999996,8.93271461716938
2022-11,Bronx,2275,963,133.8235294117647,136.01694915254237,575,33.823529411764696,255,36.01694915254237,8.591885441527447,10.057142857142853
2022-12,Bronx,2250,928,132.35294117647058,131.0734463276836,550,32.35294117647058,220,31.073446327683598,7.14285714285714,21.307189542483652
2023-01,Bronx,2250,955,132.35294117647058,134.8870056497175,550,32.35294117647058,247,34.88700564971751,7.398568019093088,18.92901618929017
2023-02,Bronx,2387,943,140.41176470588235,133.19209039548022,687,40.41176470588235,235,33.19209039548022,8.549340609367896,9.778812572759033
2023-03,Bronx,2300,1045,135.29411764705884,147.59887005649716,600,35.29411764705884,337,47.59887005649716,4.545454545454541,4.187437686939188
2023-04,Bronx,2495,892,146.76470588235293,125.98870056497175,795,46.76470588235293,184,25.98870056497175,16.04651162790698,11.91969887076536
2023-05,Bronx,2500,983,147.05882352941177,138.8418079096045,800,47.05882352941177,275,38.84180790960451,11.259457053849587,8.379272326350605
2023-06,Bronx,2599,893,152.88235294117646,126.12994350282484,899,52.882352941176464,185,26.129943502824844,15.665331553182016,-0.9977827050997812
2023-07,Bronx,2576,885,151.52941176470588,125.0,876,51.529411764705884,177,25.0,12.048716833405827,-6.349206349206349
2023-08,Bronx,2595,1056,152.6470588235294,149.15254237288136,895,52.64705882352939,348,49.152542372881356,12.826086956521742,8.41889117043122
2023-09,Bronx,2650,934,155.88235294117646,131.92090395480224,950,55.882352941176464,226,31.92090395480224,15.217391304347828,5.180180180180183
2023-10,Bronx,2550,968,150.0,136.72316384180792,850,50.0,260,36.72316384180792,11.111111111111116,3.088391906283272
2023-11,Bronx,2550,903,150.0,127.54237288135593,850,50.0,195,27.54237288135593,12.08791208791209,-6.230529595015577
2023-12,Bronx,2500,826,147.05882352941177,116.66666666666667,800,47.05882352941177,118,16.66666666666667,11.111111111111116,-10.99137931034483
2024-01,Bronx,2595,917,152.6470588235294,129.51977401129943,895,52.64705882352939,209,29.519774011299432,15.333333333333332,-3.9790575916230364
2024-02,Bronx,2600,908,152.94117647058823,128.24858757062148,900,52.94117647058823,200,28.24858757062148,8.923334729786347,-3.711558854718977
2024-03,Bronx,2600,956,152.94117647058823,135.02824858757063,900,52.94117647058823,248,35.02824858757063,13.043478260869556,-8.516746411483256
2024-04,Bronx,2728,911,160.47058823529412,128.6723163841808,1028,60.470588235294116,203,28.67231638418079,9.338677354709413,2.130044843049328
2024-05,Bronx,2871,972,168.88235294117646,137.28813559322032,1171,68.88235294117646,264,37.28813559322032,14.840000000000009,-1.1190233977619535
2024-06,Bronx,2844,1026,167.2941176470588,144.91525423728814,1144,67.29411764705881,318,44.91525423728814,9.42670257791458,14.893617021276606
2024-07,Bronx,2825,1134,166.1764705882353,160.16949152542372,1125,66.1764705882353,426,60.16949152542372,9.666149068322971,28.135593220338983
2024-08,Bronx,2815,1102,165.58823529411762,155.6497175141243,1115,65.58823529411762,394,55.64971751412429,8.477842003853574,4.356060606060597
2024-09,Bronx,2865,1036,168.52941176470588,146.3276836158192,1165,68.52941176470588,328,46.32768361581921,8.113207547169822,10.920770877944319
2024-10,Bronx,2899,1052,170.52941176470588,148.58757062146893,1199,70.52941176470588,344,48.58757062146893,13.68627450980393,8.677685950413228
2024-11,Bronx,2850,1010,167.64705882352942,142.65536723163842,1150,67.64705882352942,302,42.65536723163842,11.764705882352944,11.849390919158353
2024-12,Bronx,2875,935,169.11764705882354,132.06214689265536,1175,69.11764705882354,227,32.06214689265536,14.999999999999991,13.196125907990307
2025-01,Bronx,2813,1034,165.47058823529412,146.045197740113,1113,65.47058823529412,326,46.045197740113,8.400770712909434,12.758996728462368
2025-02,Bronx,2717,975,159.8235294117647,137.71186440677968,1017,59.823529411764696,267,37.71186440677968,4.499999999999993,7.378854625550657
2025-03,Bronx,2800,1092,164.70588235294116,154.23728813559322,1100,64.70588235294116,384,54.23728813559322,7.692307692307687,14.225941422594147
2025-04,Bronx,2995,1134,176.1764705882353,160.16949152542372,1295,76.1764705882353,426,60.16949152542372,9.787390029325515,24.47859495060374
2025-05,Bronx,3000,1104,176.47058823529412,155.9322033898305,1300,76.47058823529412,396,55.932203389830505,4.493207941483801,13.58024691358024
2025-06,Bronx,3050,1046,179.41176470588235,147.74011299435028,1350,79.41176470588235,338,47.740112994350284,7.243319268635728,1.949317738791434
2025-07,Bronx,3000,1025,176.47058823529412,144.77401129943505,1300,76.47058823529412,317,44.774011299435045,6.194690265486735,-9.611992945326275
2025-08,Bronx,3060,1024,180.0,144.63276836158192,1360,80.0,316,44.632768361581924,8.703374777975137,-7.078039927404722
2025-09,Bronx,3000,1207,176.47058823529412,170.48022598870057,1300,76.47058823529412,499,70.48022598870057,4.712041884816753,16.5057915057915
2025-10,Bronx,3100,1328,182.35294117647058,187.57062146892656,1400,82.35294117647058,620,87.57062146892656,6.933425319075548,26.23574144486691
2025-11,Bronx,3100,997,182.35294117647058,140.81920903954804,1400,82.35294117647058,289,40.81920903954804,8.771929824561408,-1.2871287128712883
2025-12,Bronx,3060,902,180.0,127.40112994350284,1360,80.0,194,27.401129943502838,6.434782608695655,-3.529411764705881
2026-01,Bronx,2903,912,170.76470588235296,128.81355932203388,1203,70.76470588235296,204,28.813559322033882,3.1994312122289426,-11.798839458413923
2026-02,Bronx,3050,932,179.41176470588235,131.63841807909606,1350,79.41176470588235,224,31.638418079096056,12.256164887743836,-4.410256410256408
2026-03,Bronx,2900,955,170.58823529411765,134.8870056497175,1200,70.58823529411765,247,34.88700564971751,3.571428571428581,-12.545787545787546
2026-04,Bronx,2900,894,170.58823529411765,126.27118644067797,1200,70.58823529411765,186,26.271186440677965,-3.171953255425708,-21.164021164021165
2026-05,Bronx,2950,977,173.52941176470588,137.99435028248587,1250,73.52941176470588,269,37.99435028248587,-1.6666666666666718,-11.503623188405799
2026-06,Bronx,2995,1007,176.1764705882353,142.2316384180791,1295,76.1764705882353,299,42.231638418079086,-1.80327868852459,-3.72848948374761
2016-07,Brooklyn,2699,12829,100.0,100.0,0,0.0,0,0.0,,
2016-08,Brooklyn,2690,13638,99.66654316413486,106.3060254111778,-9,-0.3334568358651353,809,6.306025411177799,,
2016-09,Brooklyn,2650,12637,98.18451278251204,98.50339075531997,-49,-1.8154872174879557,-192,-1.4966092446800303,,
2016-10,Brooklyn,2600,11481,96.33197480548351,89.49255592797569,-99,-3.6680251945164883,-1348,-10.507444072024313,,
2016-11,Brooklyn,2525,11422,93.55316783994073,89.03266037882922,-174,-6.446832160059273,-1407,-10.96733962117078,,
2016-12,Brooklyn,2500,10565,92.62689885142646,82.35248265648141,-199,-7.373101148573539,-2264,-17.647517343518587,,
2017-01,Brooklyn,2500,12296,92.62689885142646,95.84535037804973,-199,-7.373101148573539,-533,-4.15464962195027,,
2017-02,Brooklyn,2500,12260,92.62689885142646,95.56473614467222,-199,-7.373101148573539,-569,-4.435263855327776,,
2017-03,Brooklyn,2495,14364,92.4416450537236,111.96507911762413,-204,-7.5583549462763955,1535,11.965079117624128,,
2017-04,Brooklyn,2500,14495,92.62689885142646,112.9862031335256,-199,-7.373101148573539,1666,12.986203133525606,,
2017-05,Brooklyn,2500,16793,92.62689885142646,130.89874503078963,-199,-7.373101148573539,3964,30.898745030789627,,
2017-06,Brooklyn,2570,18363,95.2204520192664,143.13664354197522,-129,-4.7795479807335965,5534,43.13664354197522,,
2017-07,Brooklyn,2600,18185,96.33197480548351,141.74916205471976,-99,-3.6680251945164883,5356,41.74916205471976,-3.668025194516489,41.74916205471977
2017-08,Brooklyn,2660,13151,98.55502037791774,102.50993842076545,-39,-1.4449796220822577,322,2.509938420765451,-1.115241635687736,-3.5709048247543618
2017-09,Brooklyn,2600,12450,96.33197480548351,97.04575570972015,-99,-3.6680251945164883,-379,-2.9542442902798456,-1.8867924528301883,-1.4797815937326875
2017-10,Brooklyn,2536,12929,93.96072619488699,100.77948398160417,-163,-6.039273805113012,100,0.779483981604173,-2.4615384615384595,12.612141799494815
2017-11,Brooklyn,2500,12153,92.62689885142646,94.73068828435575,-199,-7.373101148573539,-676,-5.26931171564425,-0.990099009900991,6.399929959726847
2017-12,Brooklyn,2475,10599,91.70062986291218,82.61750721022682,-224,-8.29937013708782,-2230,-17.38249278977318,-1.0000000000000009,0.3218173213440645
2018-01,Brooklyn,2450,11570,90.77436087439793,90.1862966716034,-249,-9.225639125602072,-1259,-9.813703328396599,-2.0000000000000018,-5.904359141184123
2018-02,Brooklyn,2450,11273,90.77436087439793,87.871229246239,-249,-9.225639125602072,-1556,-12.128770753761003,-2.0000000000000018,-8.050570962479608
2018-03,Brooklyn,2495,12266,92.4416450537236,95.61150518356848,-204,-7.5583549462763955,-563,-4.388494816431518,0.0,-14.605959342801444
2018-04,Brooklyn,2500,13206,92.62689885142646,102.93865461064775,-199,-7.373101148573539,377,2.9386546106477454,0.0,-8.892721628147637
2018-05,Brooklyn,2595,15350,96.14672100778066,119.65079117624133,-104,-3.8532789922193444,2521,19.650791176241327,3.8000000000000034,-8.592866075150363
2018-06,Brooklyn,2625,16164,97.25824379399778,125.99579078649934,-74,-2.741756206002222,3335,25.99579078649934,2.1400778210116655,-11.975167456297985
2018-07,Brooklyn,2699,17552,100.0,136.81502845116535,0,0.0,4723,36.81502845116535,3.807692307692312,-3.48089084410228
2018-08,Brooklyn,2695,18050,99.8517969618377,140.69685867955414,-4,-0.1482030381622934,5221,40.69685867955414,1.3157894736842035,37.251920006083196
2018-09,Brooklyn,2600,15073,96.33197480548351,117.49162054719775,-99,-3.6680251945164883,2244,17.491620547197755,0.0,21.068273092369473
2018-10,Brooklyn,2550,17231,94.479436828455,134.3128848702159,-149,-5.520563171545007,4402,34.312884870215896,0.5520504731861164,33.274035114858066
2018-11,Brooklyn,2500,15959,92.62689885142646,124.39784862421077,-199,-7.373101148573539,3130,24.397848624210766,0.0,31.317370196659255
2018-12,Brooklyn,2500,14762,92.62689885142646,115.06742536440878,-199,-7.373101148573539,1933,15.067425364408777,1.0101010101010166,39.277290310406634
2019-01,Brooklyn,2500,15907,92.62689885142646,123.9925169537766,-199,-7.373101148573539,3078,23.9925169537766,2.0408163265306145,37.484874675885905
2019-02,Brooklyn,2500,14233,92.62689885142646,110.94395510172265,-199,-7.373101148573539,1404,10.94395510172265,2.0408163265306145,26.257429255743816
2019-03,Brooklyn,2500,14678,92.62689885142646,114.41265881986125,-199,-7.373101148573539,1849,14.41265881986125,0.2004008016031955,19.664112180009784
2019-04,Brooklyn,2595,13831,96.14672100778066,107.81042949567386,-104,-3.8532789922193444,1002,7.8104294956738585,3.8000000000000034,4.73269725882175
2019-05,Brooklyn,2600,14986,96.33197480548351,116.81346948320213,-99,-3.6680251945164883,2157,16.813469483202127,0.19267822736031004,-2.3713355048859963
2019-06,Brooklyn,2650,14628,98.18451278251204,114.02291682905916,-49,-1.8154872174879557,1799,14.022916829059156,0.952380952380949,-9.50259836674091
2019-07,Brooklyn,2700,15037,100.03705075954056,117.21100631382025,1,0.037050759540562694,2208,17.21100631382025,0.03705075954056891,-14.328851412944399
2019-08,Brooklyn,2700,14292,100.03705075954056,111.40385065086913,1,0.037050759540562694,1463,11.403850650869131,0.18552875695732052,-20.819944598337948
2019-09,Brooklyn,2700,11705,100.03705075954056,91.23860004676904,1,0.037050759540562694,-1124,-8.761399953230963,3.8461538461538547,-22.34458966363697
2019-10,Brooklyn,2696,10037,99.8888477213783,78.23680723361134,-3,-0.1111522786217023,-2792,-21.763192766388656,5.725490196078442,-41.75033370088793
2019-11,Brooklyn,2600,8849,96.33197480548351,68.97653753215371,-99,-3.6680251945164883,-3980,-31.023462467846286,4.0000000000000036,-44.55166363807256
2019-12,Brooklyn,2600,7885,96.33197480548351,61.46231194948943,-99,-3.6680251945164883,-4944,-38.53768805051057,4.0000000000000036,-46.58582847852595
2020-01,Brooklyn,2600,8946,96.33197480548351,69.73263699430977,-99,-3.6680251945164883,-3883,-30.26736300569023,4.0000000000000036,-43.760608537122025
2020-02,Brooklyn,2680,8525,99.29603556872915,66.45100943175618,-19,-0.7039644312708475,-4304,-33.54899056824382,7.200000000000006,-40.10398369985245
2020-03,Brooklyn,2700,7793,100.03705075954056,60.7451866864136,1,0.037050759540562694,-5036,-39.2548133135864,8.000000000000007,-46.90693554980242
2020-04,Brooklyn,2767,6781,102.5194516487588,52.856808792579315,68,2.5194516487588032,-6048,-47.143191207420685,6.628131021194594,-50.97245318487455
2020-05,Brooklyn,2750,12425,101.88958873656911,96.85088471431912,51,1.8895887365691095,-404,-3.149115285680878,5.769230769230771,-17.08928333110904
2020-06,Brooklyn,2700,17658,100.03705075954056,137.64128147166576,1,0.037050759540562694,4829,37.64128147166576,1.8867924528301883,20.71369975389663
2020-07,Brooklyn,2700,22333,100.03705075954056,174.08215761166107,1,0.037050759540562694,9504,74.08215761166107,0.0,48.520316552503814
2020-08,Brooklyn,2615,25106,96.88773619859207,195.69724842154494,-84,-3.1122638014079342,12277,95.69724842154494,-3.1481481481481444,75.66470752868737
2020-09,Brooklyn,2500,25152,92.62689885142646,196.05581105308286,-199,-7.373101148573539,12323,96.05581105308286,-7.4074074074074066,114.88252883383167
2020-10,Brooklyn,2450,23507,90.77436087439793,183.23329955569415,-249,-9.225639125602072,10678,83.23329955569415,-9.124629080118696,134.20344724519276
2020-11,Brooklyn,2400,21285,88.9218228973694,165.9131654844493,-299,-11.078177102630605,8456,65.91316548444931,-7.692307692307687,140.53565374618603
2020-12,Brooklyn,2400,19786,88.9218228973694,154.22870060020267,-299,-11.078177102630605,6957,54.22870060020267,-7.692307692307687,150.93214965123653
2021-01,Brooklyn,2395,19743,88.73656909966654,153.89352248811286,-304,-11.26343090033346,6914,53.893522488112865,-7.88461538461539,120.69081153588198
2021-02,Brooklyn,2385,17718,88.36606150426084,138.10897186062826,-314,-11.633938495739159,4889,38.10897186062826,-11.007462686567159,107.83577712609969
2021-03,Brooklyn,2399,18895,88.88477213782883,147.28349832410942,-300,-11.115227862171167,6066,47.283498324109416,-11.148148148148152,142.4611831130502
2021-04,Brooklyn,2400,18734,88.9218228973694,146.02852911372673,-299,-11.078177102630605,5905,46.028529113726734,-13.26346223346585,176.2719362925822
2021-05,Brooklyn,2429,18678,89.99629492404594,145.59201808402838,-270,-10.003705075954059,5849,45.59201808402838,-11.672727272727268,50.325955734406435
2021-06,Brooklyn,2499,18238,92.58984809188588,142.16228856497,-200,-7.410151908114116,5409,42.16228856497,-7.444444444444443,3.284630195945182
2021-07,Brooklyn,2599,17041,96.29492404594295,132.83186530516798,-100,-3.705075954057051,4212,32.83186530516798,-3.7407407407407445,-23.695876057851606
2021-08,Brooklyn,2650,15087,98.18451278251204,117.60074830462234,-49,-1.8154872174879557,2258,17.600748304622343,1.3384321223709472,-39.906795188401176
2021-09,Brooklyn,2680,10649,99.29603556872915,83.00724920102893,-19,-0.7039644312708475,-2180,-16.992750798971073,7.200000000000006,-57.661418575063614
2021-10,Brooklyn,2600,10959,96.33197480548351,85.42364954400186,-99,-3.6680251945164883,-1870,-14.576350455998139,6.1224489795918435,-53.37984430169737
2021-11,Brooklyn,2625,10101,97.25824379399778,78.73567698183803,-74,-2.741756206002222,-2728,-21.264323018161974,9.375,-52.54404510218465
2021-12,Brooklyn,2690,8896,99.66654316413486,69.34289500350768,-9,-0.3334568358651353,-3933,-30.657104996492322,12.083333333333336,-55.03891640553926
2022-01,Brooklyn,2725,8964,100.96331974805483,69.87294411099852,26,0.963319748054829,-3865,-30.127055889001483,13.778705636743215,-54.596565871448114
2022-02,Brooklyn,2800,8287,103.74212671359764,64.59583755553824,101,3.742126713597642,-4542,-35.40416244446176,17.400419287211744,-53.228355344847046
2022-03,Brooklyn,2850,9586,105.59466469062615,74.7213344765765,151,5.594664690626146,-3243,-25.2786655234235,18.79949979157982,-49.267001852341885
2022-04,Brooklyn,2950,8581,109.29974064468323,66.88752046145451,251,9.299740644683226,-4248,-33.112479538545486,22.916666666666675,-54.19558022846162
2022-05,Brooklyn,3050,9206,113.00481659874026,71.75929534648063,351,13.004816598740263,-3623,-28.240704653519373,25.566076574722118,-50.71206767319841
2022-06,Brooklyn,3223,9928,119.41459799925897,77.3871696936628,524,19.414597999258973,-2901,-22.6128303063372,28.97158863545417,-45.56420660160106
2022-07,Brooklyn,3400,10730,125.97258243793999,83.6386312261283,701,25.97258243793999,-2099,-16.361368773871703,30.819545979222784,-37.03421160730004
2022-08,Brooklyn,3400,11105,125.97258243793999,86.56169615714397,701,25.97258243793999,-1724,-13.43830384285603,28.301886792452823,-26.39358388016173
2022-09,Brooklyn,3342,10120,123.82363838458687,78.88377893834281,643,23.82363838458687,-2709,-21.116221061657185,24.70149253731344,-4.9676025917926525
2022-10,Brooklyn,3250,9237,120.41496850685438,72.00093538077792,551,20.41496850685438,-3592,-27.999064619222082,25.0,-15.713112510265537
2022-11,Brooklyn,3152,9430,116.78399407187847,73.50533946527399,453,16.783994071878467,-3399,-26.49466053472601,20.07619047619047,-6.6429066429066435
2022-12,Brooklyn,3100,8327,114.8573545757688,64.9076311481799,401,14.857354575768795,-4502,-35.0923688518201,15.241635687732336,-6.39613309352518
2023-01,Brooklyn,3200,9249,118.56243052982587,72.09447345857043,501,18.562430529825875,-3580,-27.905526541429566,17.431192660550465,3.179384203480584
2023-02,Brooklyn,3199,8826,118.5253797702853,68.79725621638475,500,18.525379770285298,-4003,-31.202743783615247,14.250000000000007,6.5041631470978745
2023-03,Brooklyn,3200,9928,118.56243052982587,77.3871696936628,501,18.562430529825875,-2901,-22.6128303063372,12.280701754385959,3.567702900062586
2023-04,Brooklyn,3300,9001,122.26750648388291,70.16135318419207,601,22.26750648388291,-3828,-29.838646815807934,11.864406779661007,4.894534436545861
2023-05,Brooklyn,3400,10666,125.97258243793999,83.13976147790163,701,25.97258243793999,-2163,-16.86023852209837,11.475409836065564,15.859222246361071
2023-06,Brooklyn,3400,11661,125.97258243793999,90.8956270948632,701,25.97258243793999,-1168,-9.104372905136799,5.491777846726653,17.45568090249798
2023-07,Brooklyn,3500,12075,129.67765839199703,94.1226907787045,801,29.677658391997028,-754,-5.877309221295505,2.941176470588225,12.534948741845287
2023-08,Brooklyn,3500,12465,129.67765839199703,97.1626783069608,801,29.677658391997028,-364,-2.8373216930392005,2.941176470588225,12.246735704637546
2023-09,Brooklyn,3500,10678,129.67765839199703,83.23329955569413,801,29.677658391997028,-2151,-16.76670044430587,4.727707959305816,5.513833992094863
2023-10,Brooklyn,3400,10710,125.97258243793999,83.48273442980746,701,25.97258243793999,-2119,-16.517265570192535,4.615384615384621,15.946735953231572
2023-11,Brooklyn,3275,10413,121.34123749536865,81.16766700444306,576,21.341237495368645,-2416,-18.83233299555694,3.902284263959399,10.424178154825036
2023-12,Brooklyn,3250,9002,120.41496850685438,70.16914802400811,551,20.41496850685438,-3827,-29.83085197599189,4.8387096774193505,8.106160682118402
2024-01,Brooklyn,3300,9701,122.26750648388291,75.6177410554213,601,22.26750648388291,-3128,-24.382258944578695,3.125,4.88701481241216
2024-02,Brooklyn,3325,9373,123.19377547239718,73.06103359575961,626,23.193775472397178,-3456,-26.93896640424039,3.938730853391692,6.19759800589168
2024-03,Brooklyn,3367,10011,124.74990737310114,78.03414139839427,668,24.749907373101138,-2818,-21.96585860160573,5.218750000000005,0.8360193392425552
2024-04,Brooklyn,3483,9700,129.04779547980735,75.60994621560528,784,29.04779547980735,-3129,-24.390053784394723,5.545454545454542,7.765803799577831
2024-05,Brooklyn,3500,11993,129.67765839199703,93.48351391378907,801,29.677658391997028,-836,-6.516486086210932,2.941176470588225,12.441402587661731
2024-06,Brooklyn,3525,12851,130.6039273805113,100.1714864759529,826,30.603927380511294,22,0.17148647595290356,3.6764705882353033,10.20495669325101
2024-07,Brooklyn,3595,14628,133.19748054835122,114.02291682905916,896,33.19748054835122,1799,14.022916829059156,2.7142857142857135,21.142857142857153
2024-08,Brooklyn,3600,14741,133.3827343460541,114.90373372827187,901,33.38273434605409,1912,14.903733728271874,2.857142857142847,18.25912555154432
2024-09,Brooklyn,3548,13421,131.45609484994444,104.61454517109674,849,31.456094849944435,592,4.6145451710967365,1.371428571428579,25.688331148155076
2024-10,Brooklyn,3500,12018,129.67765839199703,93.67838490919011,801,29.677658391997028,-811,-6.321615090809885,2.941176470588225,12.212885154061626
2024-11,Brooklyn,3437,10670,127.3434605409411,83.1709408371658,738,27.343460540941095,-2159,-16.8290591628342,4.946564885496185,2.468068760203601
2024-12,Brooklyn,3395,9628,125.78732864023712,75.04871774885025,696,25.78732864023712,-3201,-24.95128225114975,4.461538461538472,6.954010219951123
2025-01,Brooklyn,3400,10344,125.97258243793999,80.62982305713618,701,25.97258243793999,-2485,-19.37017694286382,3.0303030303030276,6.628182661581272
2025-02,Brooklyn,3450,9457,127.8251204149685,73.71580014030712,751,27.825120414968495,-3372,-26.284199859692876,3.759398496240607,0.8961911874533213
2025-03,Brooklyn,3500,10288,129.67765839199703,80.19331202743784,801,29.677658391997028,-2541,-19.80668797256216,3.950103950103956,2.76695634801718
2025-04,Brooklyn,3599,10597,133.34568358651353,82.60191753059475,900,33.34568358651353,-2232,-17.398082469405253,3.330462245190935,9.247422680412365
2025-05,Brooklyn,3600,12499,133.3827343460541,97.4277028607062,901,33.38273434605409,-330,-2.572297139293795,2.857142857142847,4.219127824564328
2025-06,Brooklyn,3750,13196,138.9403482771397,102.86070621248733,1051,38.94034827713969,367,2.8607062124873295,6.382978723404253,2.6846159831919625
2025-07,Brooklyn,3800,14438,140.79288625416822,112.54189726401123,1101,40.792886254168224,1609,12.541897264011226,5.702364394993054,-1.2988788624555658
2025-08,Brooklyn,3825,14244,141.7191552426825,111.02969833969911,1126,41.71915524268249,1415,11.02969833969911,6.25,-3.371548741605046
2025-09,Brooklyn,3800,13188,140.79288625416822,102.798347493959,1101,40.792886254168224,359,2.7983474939589996,7.102593010146552,-1.736085239549956
2025-10,Brooklyn,3750,11794,138.9403482771397,91.93234079039676,1051,38.94034827713969,-1035,-8.067659209603235,7.14285714285714,-1.8638708603761045
2025-11,Brooklyn,3662,10127,135.67988143756946,78.9383428170551,963,35.67988143756946,-2702,-21.0616571829449,6.546406750072742,-5.089034676663539
2025-12,Brooklyn,3640,9551,134.8647647276769,74.44851508301504,941,34.86476472767691,-3278,-25.55148491698496,7.216494845360821,-0.7997507270461113
2026-01,Brooklyn,3629,9634,134.45720637273064,75.09548678774651,930,34.45720637273064,-3195,-24.90451321225349,6.7352941176470615,-6.863882443928848
2026-02,Brooklyn,3700,9145,137.08781030011116,71.28381011770209,1001,37.08781030011116,-3684,-28.71618988229791,7.246376811594213,-3.299143491593526
2026-03,Brooklyn,3750,10726,138.9403482771397,83.60745186686414,1051,38.94034827713969,-2103,-16.39254813313586,7.14285714285714,4.257387247278377
2026-04,Brooklyn,3815,10716,141.34864764727678,83.52950346870371,1116,41.34864764727678,-2113,-16.47049653129629,6.00166712975827,1.1229593281117278
2026-05,Brooklyn,3895,11934,144.31270841052242,93.0236183646426,1196,44.31270841052242,-895,-6.976381635357399,8.194444444444438,-4.5203616289303135
2026-06,Brooklyn,3900,13491,144.49796220822526,105.16018395821966,1201,44.49796220822526,662,5.160183958219662,4.0000000000000036,2.2355259169445363
2016-07,Manhattan,3400,24171,100.0,100.0,0,0.0,0,0.0,,
2016-08,Manhattan,3350,24867,98.52941176470588,102.87948367878863,-50,-1.470588235294116,696,2.879483678788631,,
2016-09,Manhattan,3400,22205,100.0,91.86628604526085,0,0.0,-1966,-8.13371395473915,,
2016-10,Manhattan,3360,21480,98.82352941176471,88.86682387985603,-40,-1.17647058823529,-2691,-11.133176120143972,,
2016-11,Manhattan,3300,20764,97.05882352941177,85.90459641719416,-100,-2.941176470588232,-3407,-14.095403582805844,,
2016-12,Manhattan,3250,19127,95.58823529411765,79.13201770716974,-150,-4.411764705882348,-5044,-20.867982292830263,,
2017-01,Manhattan,3235,20888,95.1470588235294,86.41760787720823,-165,-4.852941176470594,-3283,-13.582392122791774,,
2017-02,Manhattan,3255,20148,95.73529411764706,83.35608787389847,-145,-4.264705882352942,-4023,-16.643912126101526,,
2017-03,Manhattan,3250,22209,95.58823529411765,91.88283480203549,-150,-4.411764705882348,-1962,-8.11716519796451,,
2017-04,Manhattan,3300,22479,97.05882352941177,92.99987588432418,-100,-2.941176470588232,-1692,-7.000124115675817,,
2017-05,Manhattan,3323,25209,97.73529411764706,104.29440238302097,-77,-2.264705882352942,1038,4.294402383020966,,
2017-06,Manhattan,3300,26668,97.05882352941177,110.33056141657357,-100,-2.941176470588232,2497,10.330561416573573,,
2017-07,Manhattan,3300,26122,97.05882352941177,108.07165611683422,-100,-2.941176470588232,1951,8.07165611683422,-2.941176470588236,8.071656116834225
2017-08,Manhattan,3350,21811,98.52941176470588,90.23623350295809,-50,-1.470588235294116,-2360,-9.763766497041914,0.0,-12.289379498934327
2017-09,Manhattan,3350,19927,98.52941176470588,82.44176906209921,-50,-1.470588235294116,-4244,-17.558230937900788,-1.4705882352941124,-10.258950686782253
2017-10,Manhattan,3300,20040,97.05882352941177,82.909271440983,-100,-2.941176470588232,-4131,-17.090728559016995,-1.7857142857142905,-6.703910614525144
2017-11,Manhattan,3231,18385,95.02941176470588,76.06222332547267,-169,-4.970588235294116,-5786,-23.937776674527328,-2.0909090909090877,-11.457329994220766
2017-12,Manhattan,3250,16524,95.58823529411765,68.36291423606802,-150,-4.411764705882348,-7647,-31.637085763931978,0.0,-13.609034349349091
2018-01,Manhattan,3245,17731,95.44117647058825,73.35650159281784,-155,-4.558823529411754,-6440,-26.643498407182165,0.3091190108191588,-15.113941018766752
2018-02,Manhattan,3214,17117,94.52941176470588,70.81626742790948,-186,-5.470588235294116,-7054,-29.18373257209052,-1.2596006144393268,-15.043676791741111
2018-03,Manhattan,3200,18408,94.11764705882352,76.1573786769269,-200,-5.882352941176478,-5763,-23.842621323073104,-1.538461538461533,-17.114683236525728
2018-04,Manhattan,3250,19760,95.58823529411765,81.75085846675768,-150,-4.411764705882348,-4411,-18.249141533242323,-1.5151515151515138,-12.095733795987362
2018-05,Manhattan,3300,21730,97.05882352941177,89.90112117827148,-100,-2.941176470588232,-2441,-10.098878821728519,-0.6921456515197155,-13.800626760284029
2018-06,Manhattan,3330,22344,97.94117647058823,92.44135534317984,-70,-2.058823529411768,-1827,-7.558644656820164,0.9090909090909038,-16.214189290535476
2018-07,Manhattan,3343,23213,98.32352941176471,96.03657275247197,-57,-1.67647058823529,-958,-3.963427247528031,1.3030303030302948,-11.136207028558298
2018-08,Manhattan,3350,22478,98.52941176470588,92.99573869513053,-50,-1.470588235294116,-1693,-7.004261304869473,0.0,3.058089954610055
2018-09,Manhattan,3320,18773,97.6470588235294,77.66745273261347,-80,-2.352941176470594,-5398,-22.33254726738653,-0.8955223880596996,-5.791137652431377
2018-10,Manhattan,3300,19074,97.05882352941177,78.91274667990568,-100,-2.941176470588232,-5097,-21.08725332009432,0.0,-4.820359281437126
2018-11,Manhattan,3295,16941,96.91176470588235,70.088122129825,-105,-3.088235294117652,-7230,-29.911877870175005,1.9808108944599168,-7.854228991025291
2018-12,Manhattan,3300,15084,97.05882352941177,62.40536179719498,-100,-2.941176470588232,-9087,-37.59463820280502,1.538461538461533,-8.714596949891062
2019-01,Manhattan,3295,16666,96.91176470588235,68.95039510156799,-105,-3.088235294117652,-7505,-31.04960489843201,1.5408320493066174,-6.006429417404546
2019-02,Manhattan,3300,15828,97.05882352941177,65.48343055727939,-100,-2.941176470588232,-8343,-34.51656944272061,2.675793403858129,-7.530525208856698
2019-03,Manhattan,3301,17675,97.08823529411764,73.12481899797277,-99,-2.911764705882362,-6496,-26.875181002027233,3.156249999999994,-3.9819643633203006
2019-04,Manhattan,3400,19601,100.0,81.09304538496545,0,0.0,-4570,-18.90695461503455,4.615384615384621,-0.8046558704453477
2019-05,Manhattan,3495,21397,102.79411764705881,88.5234371767821,95,2.794117647058812,-2774,-11.476562823217904,5.909090909090908,-1.5324436263230545
2019-06,Manhattan,3500,21666,102.94117647058823,89.63634106987712,100,2.941176470588232,-2505,-10.363658930122881,5.105105105105112,-3.034371643394196
2019-07,Manhattan,3500,22042,102.94117647058823,91.19192420669397,100,2.941176470588232,-2129,-8.808075793306031,4.696380496559982,-5.04458708482316
2019-08,Manhattan,3500,20567,102.94117647058823,85.08957014604277,100,2.941176470588232,-3604,-14.910429853957226,4.477611940298498,-8.501646053919387
2019-09,Manhattan,3525,17332,103.6764705882353,71.70576310454678,125,3.676470588235304,-6839,-28.294236895453224,6.174698795180733,-7.6759175411495235
2019-10,Manhattan,3550,16221,104.41176470588236,67.10934591038848,150,4.411764705882362,-7950,-32.890654089611516,7.575757575757569,-14.957533815665302
2019-11,Manhattan,3556,14256,104.58823529411765,58.979769144843,156,4.588235294117652,-9915,-41.020230855157,7.92109256449165,-15.84912342836905
2019-12,Manhattan,3552,12968,104.47058823529412,53.651069463406564,152,4.470588235294116,-11203,-46.348930536593436,7.636363636363641,-14.02810925483956
2020-01,Manhattan,3577,14082,105.20588235294117,58.25989822514583,177,5.205882352941174,-10089,-41.74010177485417,8.558421851289832,-15.504620184807393
2020-02,Manhattan,3600,12846,105.88235294117648,53.146332381779814,200,5.882352941176478,-11325,-46.853667618220186,9.090909090909083,-18.840030326004552
2020-03,Manhattan,3610,11897,106.17647058823529,49.22013983699475,210,6.17647058823529,-12274,-50.77986016300525,9.360799757649207,-32.69024045261669
2020-04,Manhattan,3595,11367,105.73529411764706,47.02742956435398,195,5.735294117647058,-12804,-52.97257043564602,5.735294117647061,-42.008060813223814
2020-05,Manhattan,3479,18962,102.3235294117647,78.44938149021556,79,2.323529411764696,-5209,-21.550618509784442,-0.4577968526466414,-11.380100014020655
2020-06,Manhattan,3361,27648,98.8529411764706,114.38500682636217,-39,-1.147058823529406,3477,14.385006826362172,-3.97142857142857,27.610080310163386
2020-07,Manhattan,3200,36533,94.11764705882352,151.1439328120475,-200,-5.882352941176478,12362,51.143932812047495,-8.571428571428575,65.74267307866799
2020-08,Manhattan,3008,40359,88.47058823529412,166.97281866699765,-392,-11.529411764705884,16188,66.97281866699765,-14.057142857142857,96.23182768512666
2020-09,Manhattan,2950,40168,86.76470588235294,166.18261553100822,-450,-13.235294117647058,15997,66.18261553100822,-16.312056737588655,131.75628894530348
2020-10,Manhattan,2875,40087,84.55882352941177,165.84750320632162,-525,-15.441176470588232,15916,65.84750320632162,-19.01408450704225,147.13026323901116
2020-11,Manhattan,2799,35610,82.32352941176471,147.32530718629764,-601,-17.67647058823529,11439,47.325307186297636,-21.287964004499436,149.7895622895623
2020-12,Manhattan,2775,32620,81.61764705882352,134.95511149724877,-625,-18.382352941176478,8449,34.955111497248765,-21.875,151.5422578655151
2021-01,Manhattan,2750,32266,80.88235294117648,133.49054652269248,-650,-19.117647058823522,8095,33.49054652269248,-23.119932904668715,129.12938503053542
2021-02,Manhattan,2750,29250,80.88235294117648,121.0127839146084,-650,-19.117647058823522,5079,21.012783914608406,-23.611111111111114,127.69733769266698
2021-03,Manhattan,2750,29808,80.88235294117648,123.32133548467172,-650,-19.117647058823522,5637,23.32133548467172,-23.822714681440438,150.55055896444483
2021-04,Manhattan,2800,27841,82.35294117647058,115.1834843407389,-600,-17.64705882352942,3670,15.1834843407389,-22.11404728789986,144.92830122283803
2021-05,Manhattan,2850,25297,83.82352941176471,104.65847503206322,-550,-16.17647058823529,1126,4.658475032063222,-18.079908019545844,33.408923109376644
2021-06,Manhattan,2900,23936,85.29411764705883,99.02776053948948,-500,-14.705882352941174,-235,-0.9722394605105222,-13.716155905980365,-13.425925925925931
2021-07,Manhattan,3000,21182,88.23529411764706,87.6339415001448,-400,-11.764705882352942,-2989,-12.3660584998552,-6.25,-42.01954397394137
2021-08,Manhattan,3100,18266,91.17647058823529,75.56989781142691,-300,-8.82352941176471,-5905,-24.430102188573088,3.0585106382978733,-54.74119775019203
2021-09,Manhattan,3200,14252,94.11764705882352,58.96322038806835,-200,-5.882352941176478,-9919,-41.03677961193165,8.47457627118644,-64.51902011551483
2021-10,Manhattan,3300,12807,97.05882352941177,52.98498200322701,-100,-2.941176470588232,-11364,-47.01501799677299,14.782608695652177,-68.05198692843067
2021-11,Manhattan,3475,11263,102.20588235294117,46.597161888213144,75,2.205882352941174,-12908,-53.402838111786856,24.151482672382983,-68.37124403257512
2021-12,Manhattan,3524,9864,103.6470588235294,40.80923420628025,124,3.647058823529406,-14307,-59.19076579371975,26.99099099099098,-69.7608828939301
2022-01,Manhattan,3700,10303,108.8235294117647,42.62546026229779,300,8.823529411764696,-13868,-57.37453973770221,34.54545454545455,-68.06855513543668
2022-02,Manhattan,3800,10101,111.76470588235294,41.78974804517811,400,11.764705882352942,-14070,-58.21025195482189,38.18181818181819,-65.46666666666667
2022-03,Manhattan,3883,11575,114.20588235294117,47.88796491663564,483,14.205882352941174,-12596,-52.11203508336436,41.19999999999999,-61.16814278046162
2022-04,Manhattan,4000,11815,117.64705882352942,48.88089032311448,600,17.64705882352942,-12356,-51.11910967688552,42.85714285714286,-57.562587550734534
2022-05,Manhattan,4095,13559,120.44117647058823,56.0961482768607,695,20.441176470588232,-10612,-43.9038517231393,43.684210526315795,-46.40075898327864
2022-06,Manhattan,4100,15002,120.58823529411764,62.06611228331471,700,20.588235294117638,-9169,-37.93388771668529,41.37931034482758,-37.3245320855615
2022-07,Manhattan,4200,15906,123.52941176470588,65.80613131438501,800,23.529411764705884,-8265,-34.19386868561499,39.99999999999999,-24.907940704371633
2022-08,Manhattan,4200,16377,123.52941176470588,67.75474742459973,800,23.529411764705884,-7794,-32.24525257540027,35.48387096774193,-10.341618307237487
2022-09,Manhattan,4250,14521,125.0,60.07612428116338,850,25.0,-9650,-39.92387571883662,32.8125,1.8874543923659948
2022-10,Manhattan,4200,14088,123.52941176470588,58.28472136030781,800,23.529411764705884,-10083,-41.71527863969219,27.27272727272727,10.002342468962278
2022-11,Manhattan,4150,13566,122.05882352941177,56.12510860121633,750,22.058823529411768,-10605,-43.87489139878367,19.424460431654666,20.447482908638914
2022-12,Manhattan,4160,12467,122.3529411764706,51.57833767738199,760,22.352941176470594,-11704,-48.42166232261801,18.047673098751417,26.388888888888886
2023-01,Manhattan,4200,13903,123.52941176470588,57.51934135948037,800,23.529411764705884,-10268,-42.48065864051963,13.513513513513509,34.94127923905659
2023-02,Manhattan,4300,12921,126.47058823529412,53.45662157130445,900,26.470588235294116,-11250,-46.54337842869555,13.157894736842103,27.91802791802791
2023-03,Manhattan,4250,14587,125.0,60.349178767945055,850,25.0,-9584,-39.650821232054945,9.451455060520209,26.021598272138235
2023-04,Manhattan,4390,15158,129.11764705882354,62.71151379752597,990,29.117647058823536,-9013,-37.28848620247403,9.749999999999993,28.294540837917893
2023-05,Manhattan,4395,17792,129.26470588235296,73.60887013363121,995,29.264705882352956,-6379,-26.391129866368786,7.326007326007322,31.219116454015783
2023-06,Manhattan,4395,19229,129.26470588235296,79.55401100492325,995,29.264705882352956,-4942,-20.445988995076746,7.195121951219519,28.176243167577653
2023-07,Manhattan,4375,20104,128.6764705882353,83.17405154937735,975,28.676470588235304,-4067,-16.825948450622647,4.166666666666674,26.39255626807493
2023-08,Manhattan,4300,20460,126.47058823529412,84.64689090232096,900,26.470588235294116,-3711,-15.353109097679038,2.3809523809523725,24.931306100018325
2023-09,Manhattan,4340,17733,127.6470588235294,73.36477597120516,940,27.647058823529406,-6438,-26.635224028794838,2.117647058823535,22.119688726671715
2023-10,Manhattan,4200,17344,123.52941176470588,71.75540937487071,800,23.529411764705884,-6827,-28.24459062512929,0.0,23.111868256672352
2023-11,Manhattan,4150,15604,122.05882352941177,64.55670017789915,750,22.058823529411768,-8567,-35.443299822100855,0.0,15.022851245761458
2023-12,Manhattan,4150,13879,122.05882352941177,57.420048818832484,750,22.058823529411768,-10292,-42.579951181167516,-0.24038461538461453,11.325900376995257
2024-01,Manhattan,4200,14692,123.52941176470588,60.78358363327955,800,23.529411764705884,-9479,-39.21641636672045,0.0,5.675034165288073
2024-02,Manhattan,4267,13768,125.49999999999999,56.960820818336025,867,25.499999999999986,-10403,-43.039179181663975,-0.7674418604651123,6.555220184196275
2024-03,Manhattan,4300,14209,126.47058823529412,58.785321252740886,900,26.470588235294116,-9962,-41.214678747259114,1.17647058823529,-2.591348460958387
2024-04,Manhattan,4400,15367,129.41176470588235,63.57618633900128,1000,29.411764705882348,-8804,-36.42381366099872,0.2277904328018332,1.3788098693759077
2024-05,Manhattan,4475,17699,131.61764705882354,73.22411153862066,1075,31.617647058823536,-6472,-26.77588846137934,1.8202502844141044,-0.5227068345323715
2024-06,Manhattan,4400,18610,129.41176470588235,76.99309089404659,1000,29.411764705882348,-5561,-23.00690910595341,0.11376564277587597,-3.219096156846435
2024-07,Manhattan,4400,20437,129.41176470588235,84.55173555086674,1000,29.411764705882348,-3734,-15.448264449133262,0.5714285714285783,1.6563867886987715
2024-08,Manhattan,4395,19255,129.26470588235296,79.66157792395846,995,29.264705882352956,-4916,-20.33842207604154,2.209302325581386,-5.889540566959917
2024-09,Manhattan,4300,16971,126.47058823529412,70.21223780563484,900,26.470588235294116,-7200,-29.787762194365158,-0.9216589861751112,-4.297073253256645
2024-10,Manhattan,4295,15678,126.3235294117647,64.86285217823011,895,26.323529411764696,-8493,-35.13714782176989,2.261904761904754,-9.605627306273067
2024-11,Manhattan,4200,13310,123.52941176470588,55.0659881676389,800,23.529411764705884,-10861,-44.9340118323611,1.2048192771084265,-14.701358625993333
2024-12,Manhattan,4300,11934,126.47058823529412,49.37321583716023,900,26.470588235294116,-12237,-50.62678416283977,3.6144578313253017,-14.013977952302037
2025-01,Manhattan,4350,12527,127.94117647058823,51.8265690290017,950,27.941176470588232,-11644,-48.1734309709983,3.571428571428581,-14.735910699700517
2025-02,Manhattan,4399,11507,129.3823529411765,47.60663605146663,999,29.382352941176492,-12664,-52.39336394853337,3.09350831966253,-16.422138291690878
2025-03,Manhattan,4425,13136,130.14705882352942,54.34611724794175,1025,30.14705882352942,-11035,-45.65388275205825,2.9069767441860517,-7.55155183334506
2025-04,Manhattan,4500,14834,132.35294117647058,61.371064498779525,1100,32.35294117647058,-9337,-38.628935501220475,2.2727272727272707,-3.468471399752715
2025-05,Manhattan,4595,16986,135.14705882352942,70.27429564353977,1195,35.14705882352942,-7185,-29.725704356460227,2.681564245810053,-4.028476185095197
2025-06,Manhattan,4725,17308,138.97058823529412,71.60647056389888,1325,38.970588235294116,-6863,-28.39352943610112,7.3863636363636465,-6.996238581407843
2025-07,Manhattan,4750,18533,139.70588235294116,76.67452732613462,1350,39.70588235294116,-5638,-23.325472673865377,7.954545454545459,-9.316435876107064
2025-08,Manhattan,4750,17058,139.70588235294116,70.57217326548343,1350,39.70588235294116,-7113,-29.42782673451657,8.077360637087594,-11.410023370553102
2025-09,Manhattan,4625,15224,136.02941176470588,62.98456828430764,1225,36.029411764705884,-8947,-37.01543171569236,7.558139534883712,-10.294030994048676
2025-10,Manhattan,4600,14104,135.29411764705884,58.35091638740639,1200,35.29411764705884,-10067,-41.64908361259361,7.101280558789291,-10.039545860441379
2025-11,Manhattan,4510,12085,132.64705882352942,49.997931405403165,1110,32.64705882352942,-12086,-50.002068594596835,7.380952380952377,-9.203606311044332
2025-12,Manhattan,4550,11290,133.8235294117647,46.708865996442015,1150,33.823529411764696,-12881,-53.291134003557985,5.813953488372103,-5.396346572817157
2026-01,Manhattan,4596,12031,135.1764705882353,49.77452318894543,1196,35.176470588235304,-12140,-50.22547681105457,5.655172413793097,-3.959447593198695
2026-02,Manhattan,4700,11484,138.23529411764704,47.51148070001241,1300,38.235294117647044,-12687,-52.48851929998759,6.842464196408282,-0.19987833492656204
2026-03,Manhattan,4750,13393,139.70588235294116,55.40937487071284,1350,39.70588235294116,-10778,-44.59062512928716,7.344632768361592,1.9564555420219287
2026-04,Manhattan,4876,14236,143.41176470588235,58.89702536096976,1476,43.41176470588235,-9935,-41.10297463903024,8.355555555555561,-4.031279493056495
2026-05,Manhattan,4926,15202,144.88235294117646,62.89355012204708,1526,44.882352941176464,-8969,-37.10644987795292,7.203482045701848,-10.50276698457553
2026-06,Manhattan,4965,16538,146.02941176470588,68.42083488477928,1565,46.029411764705884,-7633,-31.579165115220718,5.0793650793650835,-4.448809798936903
2016-07,Queens,2305,4049,100.0,100.0,0,0.0,0,0.0,,
2016-08,Queens,2395,4139,103.90455531453362,102.22277105458137,90,3.9045553145336243,90,2.222771054581372,,
2016-09,Queens,2300,4109,99.78308026030369,101.48184736972092,-5,-0.2169197396963085,60,1.4818473697209242,,
2016-10,Queens,2290,4158,99.34924078091106,102.69202272165967,-15,-0.6507592190889397,109,2.6920227216596686,,
2016-11,Queens,2250,4191,97.61388286334056,103.50703877500618,-55,-2.3861171366594363,142,3.5070387750061798,,
2016-12,Queens,2250,3945,97.61388286334056,97.4314645591504,-55,-2.3861171366594363,-104,-2.568535440849601,,
2017-01,Queens,2200,4771,95.44468546637745,117.83156334897507,-105,-4.55531453362255,722,17.831563348975067,,
2017-02,Queens,2200,5153,95.44468546637745,127.26599160286491,-105,-4.55531453362255,1104,27.265991602864915,,
2017-03,Queens,2200,6043,95.44468546637745,149.24672758705853,-105,-4.55531453362255,1994,49.24672758705853,,
2017-04,Queens,2200,5941,95.44468546637745,146.72758705853298,-105,-4.55531453362255,1892,46.727587058532976,,
2017-05,Queens,2200,6594,95.44468546637745,162.85502593232897,-105,-4.55531453362255,2545,62.85502593232897,,
2017-06,Queens,2249,7224,97.5704989154013,178.41442331439862,-56,-2.429501084598698,3175,78.41442331439862,,
2017-07,Queens,2250,7094,97.61388286334056,175.20375401333663,-55,-2.3861171366594363,3045,75.20375401333663,-2.386117136659438,75.20375401333663
2017-08,Queens,2300,4431,99.78308026030369,109.43442825388985,-5,-0.2169197396963085,382,9.434428253889848,-3.9665970772442605,7.054844165257301
2017-09,Queens,2260,4528,98.0477223427332,111.83008150160533,-45,-1.952277657266805,479,11.830081501605335,-1.7391304347826098,10.197128255049881
2017-10,Queens,2200,4829,95.44468546637745,119.26401580637193,-105,-4.55531453362255,780,19.26401580637193,-3.9301310043668103,16.13756613756614
2017-11,Queens,2200,4554,95.44468546637745,112.47221536181773,-105,-4.55531453362255,505,12.472215361817732,-2.2222222222222254,8.661417322834652
2017-12,Queens,2200,4152,95.44468546637745,102.54383798468758,-105,-4.55531453362255,103,2.5438379846875847,-2.2222222222222254,5.247148288973391
2018-01,Queens,2195,4595,95.22776572668113,113.48481106446036,-110,-4.7722342733188725,546,13.48481106446036,-0.2272727272727315,-3.688954097673447
2018-02,Queens,2150,4716,93.27548806941431,116.47320326006421,-155,-6.724511930585692,667,16.47320326006421,-2.2727272727272707,-8.480496797981763
2018-03,Queens,2200,5253,95.44468546637745,129.73573721906644,-105,-4.55531453362255,1204,29.735737219066436,0.0,-13.072976998179708
2018-04,Queens,2200,5122,95.44468546637745,126.50037046184244,-105,-4.55531453362255,1073,26.500370461842436,0.0,-13.7855579868709
2018-05,Queens,2200,5432,95.44468546637745,134.1565818720672,-105,-4.55531453362255,1383,34.15658187206719,0.0,-17.622080679405517
2018-06,Queens,2200,5610,95.44468546637745,138.5527290689059,-105,-4.55531453362255,1561,38.552729068905904,-2.178746109381946,-22.342192691029904
2018-07,Queens,2250,5349,97.61388286334056,132.1066930106199,-55,-2.3861171366594363,1300,32.10669301061989,0.0,-24.59825204398083
2018-08,Queens,2300,5166,99.78308026030369,127.5870585329711,-5,-0.2169197396963085,1117,27.5870585329711,0.0,16.58767772511849
2018-09,Queens,2295,4726,99.56616052060737,116.72017782168436,-10,-0.43383947939263123,677,16.72017782168436,1.5486725663716783,4.372791519434638
2018-10,Queens,2200,5456,95.44468546637745,134.74932081995553,-105,-4.55531453362255,1407,34.74932081995553,0.0,12.98405466970387
2018-11,Queens,2200,5215,95.44468546637745,128.79723388490984,-105,-4.55531453362255,1166,28.797233884909843,0.0,14.514712340799306
2018-12,Queens,2150,4614,93.27548806941431,113.95406273153866,-155,-6.724511930585692,565,13.954062731538656,-2.2727272727272707,11.12716763005781
2019-01,Queens,2200,4869,95.44468546637745,120.25191405285256,-105,-4.55531453362255,820,20.251914052852555,0.2277904328018332,5.963003264417854
2019-02,Queens,2200,4711,95.44468546637745,116.34971597925414,-105,-4.55531453362255,662,16.349715979254142,2.3255813953488413,-0.10602205258694042
2019-03,Queens,2200,5136,95.44468546637745,126.84613484811065,-105,-4.55531453362255,1087,26.84613484811065,0.0,-2.2272986864648736
2019-04,Queens,2250,5240,97.61388286334056,129.41467028896022,-55,-2.3861171366594363,1191,29.414670288960224,2.2727272727272707,2.303787582975403
2019-05,Queens,2250,5417,97.61388286334056,133.78612002963695,-55,-2.3861171366594363,1368,33.78612002963695,2.2727272727272707,-0.2761413843888061
2019-06,Queens,2300,5101,99.78308026030369,125.98172388244011,-5,-0.2169197396963085,1052,25.981723882440107,4.545454545454541,-9.07308377896613
2019-07,Queens,2325,5171,100.86767895878526,127.71054581378118,20,0.8676789587852625,1122,27.71054581378118,3.3333333333333437,-3.3277248083753985
2019-08,Queens,2300,4831,99.78308026030369,119.31341071869596,-5,-0.2169197396963085,782,19.313410718695962,0.0,-6.484707704219894
2019-09,Queens,2300,4423,99.78308026030369,109.23684860459373,-5,-0.2169197396963085,374,9.236848604593732,0.2178649237472685,-6.411341515023272
2019-10,Queens,2300,4621,99.78308026030369,114.12694492467277,-5,-0.2169197396963085,572,14.12694492467277,4.545454545454541,-15.304252199413494
2019-11,Queens,2300,4071,99.78308026030369,100.54334403556433,-5,-0.2169197396963085,22,0.5433440355643313,4.545454545454541,-21.936720997123683
2019-12,Queens,2250,3621,97.61388286334056,89.42948876265746,-55,-2.3861171366594363,-428,-10.570511237342544,4.651162790697683,-21.521456436931075
2020-01,Queens,2300,4031,99.78308026030369,99.55544578908373,-5,-0.2169197396963085,-18,-0.4445542109162659,4.545454545454541,-17.210926268227567
2020-02,Queens,2350,3789,101.95227765726682,93.57866139787602,45,1.9522776572668192,-260,-6.421338602123981,6.818181818181812,-19.571216302271278
2020-03,Queens,2350,3203,101.95227765726682,79.10595208693505,45,1.9522776572668192,-846,-20.894047913064952,6.818181818181812,-37.63629283489096
2020-04,Queens,2400,2404,104.12147505422993,59.372684613484815,95,4.121475054229933,-1645,-40.627315386515185,6.666666666666665,-54.12213740458015
2020-05,Queens,2350,3719,101.95227765726682,91.84983946653495,45,1.9522776572668192,-330,-8.150160533465055,4.444444444444451,-31.345763337640765
2020-06,Queens,2344,5163,101.69197396963123,127.51296616448506,39,1.6919739696312348,1114,27.512966164485064,1.9130434782608674,1.215447951382087
2020-07,Queens,2300,6550,99.78308026030369,161.7683378612003,-5,-0.2169197396963085,2501,61.76833786120031,-1.0752688172043001,26.66795590794817
2020-08,Queens,2245,7251,97.39696312364426,179.08125463077303,-60,-2.6030368763557448,3202,79.08125463077303,-2.3913043478260843,50.09314841647692
2020-09,Queens,2200,7305,95.44468546637745,180.41491726352186,-105,-4.55531453362255,3256,80.41491726352186,-4.347826086956519,65.15939407641874
2020-10,Queens,2100,7777,91.1062906724512,192.0721165719931,-205,-8.893709327548805,3728,92.07211657199309,-8.695652173913048,68.29690543172472
2020-11,Queens,2100,7209,91.1062906724512,178.0439614719684,-205,-8.893709327548805,3160,78.0439614719684,-8.695652173913048,77.08179808400884
2020-12,Queens,2045,6803,88.72017353579176,168.01679427019016,-260,-11.279826464208242,2754,68.01679427019016,-9.111111111111114,87.87627727147196
2021-01,Queens,2000,7515,86.76789587852495,185.60138305754506,-305,-13.232104121475047,3466,85.60138305754506,-13.043478260869568,86.43016621185811
2021-02,Queens,2000,6836,86.76789587852495,168.83181032353667,-305,-13.232104121475047,2787,68.83181032353667,-14.893617021276595,80.41699656901558
2021-03,Queens,2000,7652,86.76789587852495,188.98493455174116,-305,-13.232104121475047,3603,88.98493455174116,-14.893617021276595,138.90103028410863
2021-04,Queens,2050,7394,88.93709327548807,182.61299086194123,-255,-11.062906724511933,3345,82.61299086194123,-14.583333333333337,207.57071547420963
2021-05,Queens,2100,7079,91.1062906724512,174.8332921709064,-205,-8.893709327548805,3030,74.83329217090639,-10.63829787234043,90.3468674374832
2021-06,Queens,2195,6887,95.22776572668113,170.09138058779945,-110,-4.7722342733188725,2838,70.09138058779945,-6.3566552901023865,33.39143908580282
2021-07,Queens,2200,6212,95.44468546637745,153.42059767843912,-105,-4.55531453362255,2163,53.42059767843912,-4.347826086956519,-5.160305343511451
2021-08,Queens,2250,5734,97.61388286334056,141.61521363299582,-55,-2.3861171366594363,1685,41.61521363299582,0.22271714922048602,-20.9212522410702
2021-09,Queens,2250,5120,97.61388286334056,126.4509755495184,-55,-2.3861171366594363,1071,26.450975549518404,2.2727272727272707,-29.911019849418206
2021-10,Queens,2250,5118,97.61388286334056,126.40158063719437,-55,-2.3861171366594363,1069,26.40158063719437,7.14285714285714,-34.19056191333419
2021-11,Queens,2295,4796,99.56616052060737,118.44899975302543,-10,-0.43383947939263123,747,18.448999753025433,9.285714285714274,-33.472048827854074
2021-12,Queens,2300,4119,99.78308026030369,101.72882193134107,-5,-0.2169197396963085,70,1.7288219313410735,12.469437652811743,-39.45318241952081
2022-01,Queens,2300,4128,99.78308026030369,101.95109903679922,-5,-0.2169197396963085,79,1.9510990367992207,14.999999999999991,-45.06986027944112
2022-02,Queens,2300,3984,99.78308026030369,98.39466534946901,-5,-0.2169197396963085,-65,-1.6053346505309918,14.999999999999991,-41.72030427150381
2022-03,Queens,2335,4351,101.30151843817788,107.45863176092863,30,1.3015184381778795,302,7.4586317609286255,16.75,-43.13904861474125
2022-04,Queens,2400,3822,104.12147505422993,94.39367745122253,95,4.121475054229933,-227,-5.60632254877747,17.07317073170731,-48.30944008655666
2022-05,Queens,2500,3652,108.45986984815619,90.19510990367992,195,8.459869848156188,-397,-9.80489009632008,19.047619047619047,-48.41079248481424
2022-06,Queens,2600,3594,112.79826464208243,88.76265744628303,295,12.79826464208243,-455,-11.23734255371697,18.4510250569476,-47.81472339189777
2022-07,Queens,2600,3664,112.79826464208243,90.4914793776241,295,12.79826464208243,-385,-9.508520622375897,18.181818181818187,-41.01738570508693
2022-08,Queens,2650,4147,114.96746203904556,102.42035070387749,345,14.967462039045557,98,2.4203507038774887,17.777777777777782,-27.677014300662716
2022-09,Queens,2700,4020,117.13665943600869,99.28377377130155,395,17.136659436008685,-29,-0.7162262286984458,19.999999999999996,-21.484375
2022-10,Queens,2695,3975,116.91973969631238,98.17238824401086,390,16.919739696312377,-74,-1.827611755989139,19.777777777777782,-22.33294255568582
2022-11,Queens,2605,3953,113.01518438177874,97.62904420844653,300,13.015184381778738,-96,-2.3709557915534702,13.507625272331158,-17.577147623019187
2022-12,Queens,2600,3594,112.79826464208243,88.76265744628303,295,12.79826464208243,-455,-11.23734255371697,13.043478260869556,-12.74581209031318
2023-01,Queens,2600,4144,112.79826464208243,102.34625833539145,295,12.79826464208243,95,2.346258335391454,13.043478260869556,0.3875968992248069
2023-02,Queens,2600,3811,112.79826464208243,94.12200543344036,295,12.79826464208243,-238,-5.877994566559636,13.043478260869556,-4.342369477911645
2023-03,Queens,2650,4161,114.96746203904556,102.7661150901457,345,14.967462039045557,112,2.7661150901457034,13.490364025695921,-4.366812227074234
2023-04,Queens,2700,3667,117.13665943600869,90.56557174611015,395,17.136659436008685,-382,-9.434428253889848,12.5,-4.055468341182622
2023-05,Queens,2800,3891,121.47505422993493,96.09780192640159,495,21.475054229934926,-158,-3.902198073598413,12.00000000000001,6.544359255202625
2023-06,Queens,2850,4009,123.64425162689805,99.01210175351939,545,23.644251626898054,-40,-0.9878982464806114,9.615384615384626,11.547022815804109
2023-07,Queens,2900,4332,125.81344902386118,106.98938009385033,595,25.813449023861182,283,6.989380093850329,11.538461538461542,18.231441048034934
2023-08,Queens,2900,4360,125.81344902386118,107.68090886638677,595,25.813449023861182,311,7.680908866386773,9.433962264150942,5.136243067277557
2023-09,Queens,2950,3938,127.98264642082428,97.2585823660163,645,27.98264642082428,-111,-2.7414176339837013,9.259259259259256,-2.0398009950248763
2023-10,Queens,2900,4266,125.81344902386118,105.35934798715732,595,25.813449023861182,217,5.359347987157321,7.606679035250474,7.320754716981126
2023-11,Queens,2900,4362,125.81344902386118,107.7303037787108,595,25.813449023861182,313,7.730303778710805,11.324376199616125,10.346572223627625
2023-12,Queens,2930,3774,127.11496746203905,93.20819955544579,625,27.114967462039047,-275,-6.791800444554212,12.692307692307692,5.008347245409017
2024-01,Queens,2850,4154,123.64425162689805,102.5932328970116,545,23.644251626898054,105,2.593232897011603,9.615384615384626,0.24131274131273805
2024-02,Queens,2950,3937,127.98264642082428,97.23388490985428,645,27.98264642082428,-112,-2.7661150901457177,13.461538461538458,3.3062188401994153
2024-03,Queens,2995,4081,129.93492407809111,100.79031859718448,690,29.934924078091115,32,0.7903185971844806,13.01886792452831,-1.9226147560682527
2024-04,Queens,3000,4024,130.1518438177874,99.38256359594962,695,30.15184381778741,-25,-0.6174364040503804,11.111111111111116,9.735478592855195
2024-05,Queens,3000,4323,130.1518438177874,106.76710298839221,695,30.15184381778741,274,6.76710298839221,7.14285714285714,11.102544333076336
2024-06,Queens,3100,4420,134.49023861171366,109.16275623610767,795,34.490238611713664,371,9.162756236107668,8.771929824561408,10.251933150411574
2024-07,Queens,3175,4931,137.74403470715833,121.78315633489751,870,37.744034707158335,882,21.783156334897512,9.482758620689658,13.82733148661126
2024-08,Queens,3150,4727,136.65943600867678,116.74487527784638,845,36.65943600867678,678,16.744875277846376,8.62068965517242,8.41743119266054
2024-09,Queens,3050,4625,132.32104121475055,114.22573474932082,745,32.32104121475055,576,14.225734749320821,3.3898305084745672,17.44540375825292
2024-10,Queens,3000,4836,130.1518438177874,119.43689799950606,695,30.15184381778741,787,19.43689799950606,3.4482758620689724,13.361462728551343
2024-11,Queens,3000,4566,130.1518438177874,112.76858483576191,695,30.15184381778741,517,12.768584835761914,3.4482758620689724,4.676753782668497
2024-12,Queens,3000,4110,130.1518438177874,101.50654482588293,695,30.15184381778741,61,1.5065448258829264,2.3890784982935065,8.903020667726548
2025-01,Queens,3000,4509,130.1518438177874,111.36082983452704,695,30.15184381778741,460,11.360829834527038,5.263157894736836,8.545979778526714
2025-02,Queens,3000,4286,130.1518438177874,105.85329711039763,695,30.15184381778741,237,5.853297110397634,1.6949152542372836,8.864617729235459
2025-03,Queens,3000,4692,130.1518438177874,115.88046431217585,695,30.15184381778741,643,15.880464312175846,0.16694490818029983,14.971820632197996
2025-04,Queens,3125,4700,135.57483731019522,116.07804396147196,820,35.57483731019522,651,16.078043961471963,4.166666666666674,16.799204771371777
2025-05,Queens,3150,4758,136.65943600867678,117.51049641886885,845,36.65943600867678,709,17.510496418868854,5.000000000000004,10.062456627342131
2025-06,Queens,3210,4642,139.26247288503254,114.64559150407507,905,39.26247288503254,593,14.645591504075071,3.548387096774186,5.022624434389145
2025-07,Queens,3376,4662,146.4642082429501,115.1395406273154,1071,46.46420824295009,613,15.139540627315398,6.330708661417317,-5.4552829040762525
2025-08,Queens,3310,4493,143.6008676789588,110.9656705359348,1005,43.60086767895879,444,10.965670535934805,5.0793650793650835,-4.950285593399617
2025-09,Queens,3246,4570,140.824295010846,112.86737466040996,941,40.82429501084599,521,12.867374660409965,6.4262295081967125,-1.1891891891891881
2025-10,Queens,3200,4664,138.82863340563992,115.18893553963943,895,38.82863340563992,615,15.18893553963943,6.666666666666665,-3.556658395368073
2025-11,Queens,3200,4238,138.82863340563992,104.66781921462089,895,38.82863340563992,189,4.667819214620891,6.666666666666665,-7.183530442400354
2025-12,Queens,3200,3964,138.82863340563992,97.9007162262287,895,38.82863340563992,-85,-2.0992837737713046,6.666666666666665,-3.5523114355231145
2026-01,Queens,3200,4135,138.82863340563992,102.12398122993332,895,38.82863340563992,86,2.123981229933321,6.666666666666665,-8.294522066977162
2026-02,Queens,3150,3919,136.65943600867678,96.78933069893802,845,36.65943600867678,-130,-3.2106693010619836,5.000000000000004,-8.562762482501164
2026-03,Queens,3125,4333,135.57483731019522,107.01407755001236,820,35.57483731019522,284,7.0140775500123596,4.166666666666674,-7.651321398124466
2026-04,Queens,3200,4141,138.82863340563992,102.2721659669054,895,38.82863340563992,92,2.272165966905405,2.400000000000002,-11.893617021276592
2026-05,Queens,3350,4273,145.3362255965293,105.53223018029144,1045,45.33622559652929,224,5.532230180291435,6.349206349206349,-10.193358554014287
2026-06,Queens,3350,4668,145.3362255965293,115.28772536428748,1045,45.33622559652929,619,15.287725364287482,4.361370716510904,0.5601034037052921
2016-07,Staten Island,2050,75,100.0,100.0,0,0.0,0,0.0,,
2016-08,Staten Island,2000,96,97.5609756097561,128.0,-50,-2.439024390243901,21,28.0,,
2016-09,Staten Island,2000,99,97.5609756097561,132.0,-50,-2.439024390243901,24,32.0,,
2016-10,Staten Island,1950,104,95.1219512195122,138.66666666666669,-100,-4.878048780487802,29,38.666666666666686,,
2016-11,Staten Island,1900,120,92.6829268292683,160.0,-150,-7.317073170731703,45,60.0,,
2016-12,Staten Island,1950,100,95.1219512195122,133.33333333333331,-100,-4.878048780487802,25,33.333333333333314,,
2017-01,Staten Island,1900,95,92.6829268292683,126.66666666666666,-150,-7.317073170731703,20,26.666666666666657,,
2017-02,Staten Island,1935,95,94.39024390243902,126.66666666666666,-115,-5.609756097560975,20,26.666666666666657,,
2017-03,Staten Island,1899,112,92.63414634146342,149.33333333333334,-151,-7.3658536585365795,37,49.33333333333334,,
2017-04,Staten Island,1900,106,92.6829268292683,141.33333333333334,-150,-7.317073170731703,31,41.33333333333334,,
2017-05,Staten Island,2000,124,97.5609756097561,165.33333333333334,-50,-2.439024390243901,49,65.33333333333334,,
2017-06,Staten Island,2050,93,100.0,124.0,0,0.0,18,24.0,,
2017-07,Staten Island,1995,89,97.3170731707317,118.66666666666667,-55,-2.682926829268297,14,18.66666666666667,-2.682926829268295,18.666666666666675
2017-08,Staten Island,2000,37,97.5609756097561,49.333333333333336,-50,-2.439024390243901,-38,-50.666666666666664,0.0,-61.45833333333333
2017-09,Staten Island,1800,53,87.8048780487805,70.66666666666667,-250,-12.195121951219505,-22,-29.33333333333333,-9.999999999999998,-46.464646464646464
2017-10,Staten Island,1875,51,91.46341463414635,68.0,-175,-8.536585365853654,-24,-32.0,-3.8461538461538436,-50.96153846153846
2017-11,Staten Island,1900,75,92.6829268292683,100.0,-150,-7.317073170731703,0,0.0,0.0,-37.5
2017-12,Staten Island,1950,77,95.1219512195122,102.66666666666666,-100,-4.878048780487802,2,2.666666666666657,0.0,-23.0
2018-01,Staten Island,1850,93,90.2439024390244,124.0,-200,-9.756097560975604,18,24.0,-2.631578947368418,-2.1052631578947323
2018-02,Staten Island,1850,89,90.2439024390244,118.66666666666667,-200,-9.756097560975604,14,18.66666666666667,-4.392764857881137,-6.315789473684208
2018-03,Staten Island,1850,100,90.2439024390244,133.33333333333331,-200,-9.756097560975604,25,33.333333333333314,-2.580305423907314,-10.71428571428571
2018-04,Staten Island,1832,71,89.3658536585366,94.66666666666667,-218,-10.634146341463406,-4,-5.333333333333329,-3.578947368421048,-33.01886792452831
2018-05,Staten Island,1832,82,89.3658536585366,109.33333333333333,-218,-10.634146341463406,7,9.333333333333329,-8.399999999999997,-33.87096774193549
2018-06,Staten Island,1887,80,92.04878048780488,106.66666666666667,-163,-7.951219512195124,5,6.666666666666671,-7.951219512195118,-13.978494623655912
2018-07,Staten Island,1950,81,95.1219512195122,108.0,-100,-4.878048780487802,6,8.0,-2.2556390977443663,-8.98876404494382
2018-08,Staten Island,2025,87,98.78048780487805,115.99999999999999,-25,-1.2195121951219505,12,15.999999999999986,1.2499999999999956,135.13513513513513
2018-09,Staten Island,2050,77,100.0,102.66666666666666,0,0.0,2,2.666666666666657,13.888888888888884,45.28301886792452
2018-10,Staten Island,1900,97,92.6829268292683,129.33333333333331,-150,-7.317073170731703,22,29.333333333333314,1.333333333333342,90.19607843137254
2018-11,Staten Island,1950,86,95.1219512195122,114.66666666666667,-100,-4.878048780487802,11,14.666666666666671,2.6315789473684292,14.666666666666671
2018-12,Staten Island,1865,88,90.97560975609757,117.33333333333333,-185,-9.024390243902431,13,17.33333333333333,-4.358974358974354,14.28571428571428
2019-01,Staten Island,1865,97,90.97560975609757,129.33333333333331,-185,-9.024390243902431,22,29.333333333333314,0.8108108108108025,4.3010752688172005
2019-02,Staten Island,1856,96,90.53658536585367,128.0,-194,-9.463414634146332,21,28.0,0.324324324324321,7.86516853932584
2019-03,Staten Island,1890,75,92.19512195121952,100.0,-160,-7.8048780487804805,0,0.0,2.1621621621621623,-25.0
2019-04,Staten Island,1875,67,91.46341463414635,89.33333333333333,-175,-8.536585365853654,-8,-10.666666666666671,2.347161572052392,-5.633802816901412
2019-05,Staten Island,2100,64,102.4390243902439,85.33333333333334,50,2.439024390243901,-11,-14.666666666666657,14.628820960698686,-21.95121951219512
2019-06,Staten Island,2050,45,100.0,60.0,0,0.0,-30,-40.0,8.63804981452041,-43.75
2019-07,Staten Island,2000,56,97.5609756097561,74.66666666666667,-50,-2.439024390243901,-19,-25.33333333333333,2.564102564102555,-30.864197530864203
2019-08,Staten Island,2035,60,99.26829268292683,80.0,-15,-0.7317073170731732,-15,-20.0,0.49382716049382047,-31.034482758620683
2019-09,Staten Island,2200,69,107.31707317073172,92.0,150,7.317073170731717,-6,-8.0,7.317073170731714,-10.389610389610393
2019-10,Staten Island,2200,64,107.31707317073172,85.33333333333334,150,7.317073170731717,-11,-14.666666666666657,15.789473684210531,-34.02061855670103
2019-11,Staten Island,2200,60,107.31707317073172,80.0,150,7.317073170731717,-15,-20.0,12.82051282051282,-30.23255813953488
2019-12,Staten Island,1990,48,97.07317073170731,64.0,-60,-2.9268292682926926,-27,-36.0,6.702412868632712,-45.45454545454546
2020-01,Staten Island,1952,49,95.21951219512195,65.33333333333333,-98,-4.7804878048780495,-26,-34.66666666666667,4.664879356568363,-49.48453608247423
2020-02,Staten Island,1998,50,97.46341463414635,66.66666666666666,-52,-2.5365853658536537,-25,-33.33333333333334,7.650862068965525,-47.916666666666664
2020-03,Staten Island,2150,44,104.8780487804878,58.666666666666664,100,4.878048780487802,-31,-41.333333333333336,13.756613756613767,-41.333333333333336
2020-04,Staten Island,1800,24,87.8048780487805,32.0,-250,-12.195121951219505,-51,-68.0,-4.0000000000000036,-64.17910447761194
2020-05,Staten Island,1833,40,89.41463414634147,53.333333333333336,-217,-10.58536585365853,-35,-46.666666666666664,-12.714285714285712,-37.5
2020-06,Staten Island,1875,36,91.46341463414635,48.0,-175,-8.536585365853654,-39,-52.0,-8.536585365853655,-19.999999999999996
2020-07,Staten Island,1900,37,92.6829268292683,49.333333333333336,-150,-7.317073170731703,-38,-50.666666666666664,-5.000000000000004,-33.92857142857143
2020-08,Staten Island,1787,38,87.17073170731707,50.66666666666667,-263,-12.829268292682926,-37,-49.33333333333333,-12.186732186732186,-36.66666666666667
2020-09,Staten Island,1850,30,90.2439024390244,40.0,-200,-9.756097560975604,-45,-60.0,-15.909090909090907,-56.52173913043479
2020-10,Staten Island,1950,35,95.1219512195122,46.666666666666664,-100,-4.878048780487802,-40,-53.333333333333336,-11.363636363636365,-45.3125
2020-11,Staten Island,1950,32,95.1219512195122,42.66666666666667,-100,-4.878048780487802,-43,-57.33333333333333,-11.363636363636365,-46.666666666666664
2020-12,Staten Island,2200,34,107.31707317073172,45.33333333333333,150,7.317073170731717,-41,-54.66666666666667,10.552763819095468,-29.166666666666664
2021-01,Staten Island,1995,35,97.3170731707317,46.666666666666664,-55,-2.682926829268297,-40,-53.333333333333336,2.2028688524590168,-28.57142857142857
2021-02,Staten Island,1895,45,92.4390243902439,60.0,-155,-7.560975609756099,-30,-40.0,-5.155155155155155,-9.999999999999998
2021-03,Staten Island,1845,41,90.0,54.666666666666664,-205,-10.0,-34,-45.333333333333336,-14.186046511627904,-6.818181818181824
2021-04,Staten Island,1800,48,87.8048780487805,64.0,-250,-12.195121951219505,-27,-36.0,0.0,100.0
2021-05,Staten Island,1877,52,91.5609756097561,69.33333333333334,-173,-8.439024390243901,-23,-30.666666666666657,2.4004364429896397,30.000000000000004
2021-06,Staten Island,1800,60,87.8048780487805,80.0,-250,-12.195121951219505,-15,-20.0,-4.0000000000000036,66.66666666666667
2021-07,Staten Island,1800,57,87.8048780487805,76.0,-250,-12.195121951219505,-18,-24.0,-5.263157894736848,54.054054054054056
2021-08,Staten Island,1950,54,95.1219512195122,72.0,-100,-4.878048780487802,-21,-28.0,9.121432568550647,42.10526315789473
2021-09,Staten Island,2000,39,97.5609756097561,52.0,-50,-2.439024390243901,-36,-48.0,8.108108108108114,30.000000000000004
2021-10,Staten Island,2075,52,101.21951219512195,69.33333333333334,25,1.2195121951219505,-23,-30.666666666666657,6.41025641025641,48.57142857142858
2021-11,Staten Island,2000,55,97.5609756097561,73.33333333333333,-50,-2.439024390243901,-20,-26.66666666666667,2.564102564102555,71.875
2021-12,Staten Island,2070,51,100.97560975609755,68.0,20,0.9756097560975547,-24,-32.0,-5.909090909090908,50.0
2022-01,Staten Island,2050,42,100.0,56.00000000000001,0,0.0,-33,-43.99999999999999,2.7568922305764465,19.999999999999996
2022-02,Staten Island,1900,54,92.6829268292683,72.0,-150,-7.317073170731703,-21,-28.0,0.26385224274405594,19.999999999999996
2022-03,Staten Island,1900,76,92.6829268292683,101.33333333333334,-150,-7.317073170731703,1,1.3333333333333428,2.981029810298108,85.3658536585366
2022-04,Staten Island,1950,66,95.1219512195122,88.0,-100,-4.878048780487802,-9,-12.0,8.333333333333325,37.5
2022-05,Staten Island,1950,78,95.1219512195122,104.0,-100,-4.878048780487802,3,4.0,3.8891848694725617,50.0
2022-06,Staten Island,1950,70,95.1219512195122,93.33333333333333,-100,-4.878048780487802,-5,-6.666666666666671,8.333333333333325,16.666666666666675
2022-07,Staten Island,2075,84,101.21951219512195,112.00000000000001,25,1.2195121951219505,9,12.000000000000014,15.277777777777768,47.36842105263157
2022-08,Staten Island,2200,89,107.31707317073172,118.66666666666667,150,7.317073170731717,14,18.66666666666667,12.82051282051282,64.81481481481481
2022-09,Staten Island,2300,89,112.19512195121952,118.66666666666667,250,12.19512195121952,14,18.66666666666667,14.999999999999991,128.2051282051282
2022-10,Staten Island,2200,73,107.31707317073172,97.33333333333334,150,7.317073170731717,-2,-2.666666666666657,6.024096385542177,40.38461538461537
2022-11,Staten Island,2200,88,107.31707317073172,117.33333333333333,150,7.317073170731717,13,17.33333333333333,10.000000000000009,60.00000000000001
2022-12,Staten Island,1950,85,95.1219512195122,113.33333333333333,-100,-4.878048780487802,10,13.333333333333329,-5.797101449275366,66.66666666666667
2023-01,Staten Island,2095,92,102.19512195121952,122.66666666666666,45,2.1951219512195195,17,22.666666666666657,2.195121951219514,119.04761904761907
2023-02,Staten Island,2175,91,106.09756097560977,121.33333333333334,125,6.097560975609767,16,21.333333333333343,14.473684210526304,68.5185185185185
2023-03,Staten Island,2200,102,107.31707317073172,136.0,150,7.317073170731717,27,36.0,15.789473684210531,34.210526315789465
2023-04,Staten Island,2200,83,107.31707317073172,110.66666666666667,150,7.317073170731717,8,10.666666666666671,12.82051282051282,25.757575757575758
2023-05,Staten Island,2100,66,102.4390243902439,88.0,50,2.439024390243901,-9,-12.0,7.692307692307687,-15.384615384615385
2023-06,Staten Island,2000,80,97.5609756097561,106.66666666666667,-50,-2.439024390243901,5,6.666666666666671,2.564102564102555,14.28571428571428
2023-07,Staten Island,1899,60,92.63414634146342,80.0,-151,-7.3658536585365795,-15,-20.0,-8.481927710843372,-28.57142857142857
2023-08,Staten Island,2000,84,97.5609756097561,112.00000000000001,-50,-2.439024390243901,9,12.000000000000014,-9.090909090909093,-5.61797752808989
2023-09,Staten Island,2075,61,101.21951219512195,81.33333333333333,25,1.2195121951219505,-14,-18.66666666666667,-9.782608695652172,-31.46067415730337
2023-10,Staten Island,2050,60,100.0,80.0,0,0.0,-15,-20.0,-6.818181818181824,-17.808219178082197
2023-11,Staten Island,2200,62,107.31707317073172,82.66666666666667,150,7.317073170731717,-13,-17.33333333333333,0.0,-29.54545454545454
2023-12,Staten Island,2255,53,110.00000000000001,70.66666666666667,205,10.000000000000014,-22,-29.33333333333333,15.641025641025653,-37.64705882352941
2024-01,Staten Island,2595,66,126.58536585365854,88.0,545,26.585365853658544,-9,-12.0,23.866348448687358,-28.260869565217394
2024-02,Staten Island,2500,44,121.95121951219512,58.666666666666664,450,21.951219512195124,-31,-41.333333333333336,14.942528735632177,-51.64835164835164
2024-03,Staten Island,2500,47,121.95121951219512,62.66666666666667,450,21.951219512195124,-28,-37.33333333333333,13.636363636363647,-53.92156862745099
2024-04,Staten Island,2500,38,121.95121951219512,50.66666666666667,450,21.951219512195124,-37,-49.33333333333333,13.636363636363647,-54.216867469879524
2024-05,Staten Island,2700,42,131.70731707317074,56.00000000000001,650,31.707317073170742,-33,-43.99999999999999,28.57142857142858,-36.36363636363637
2024-06,Staten Island,2700,37,131.70731707317074,49.333333333333336,650,31.707317073170742,-38,-50.666666666666664,35.00000000000001,-53.75
2024-07,Staten Island,2550,51,124.39024390243902,68.0,500,24.390243902439025,-24,-32.0,34.28120063191153,-15.000000000000002
2024-08,Staten Island,2700,54,131.70731707317074,72.0,650,31.707317073170742,-21,-28.0,35.00000000000001,-35.71428571428571
2024-09,Staten Island,2850,53,139.02439024390242,70.66666666666667,800,39.02439024390242,-22,-29.33333333333333,37.34939759036144,-13.11475409836066
2024-10,Staten Island,2750,61,134.14634146341464,81.33333333333333,700,34.14634146341464,-14,-18.66666666666667,34.14634146341464,1.6666666666666607
2024-11,Staten Island,2700,49,131.70731707317074,65.33333333333333,650,31.707317073170742,-26,-34.66666666666667,22.72727272727273,-20.967741935483875
2024-12,Staten Island,2395,54,116.82926829268293,72.0,345,16.829268292682926,-21,-28.0,6.208425720620836,1.8867924528301883
2025-01,Staten Island,2450,76,119.51219512195121,101.33333333333334,400,19.51219512195121,1,1.3333333333333428,-5.587668593448935,15.15151515151516
2025-02,Staten Island,2750,73,134.14634146341464,97.33333333333334,700,34.14634146341464,-2,-2.666666666666657,10.000000000000009,65.90909090909092
2025-03,Staten Island,2825,74,137.80487804878047,98.66666666666667,775,37.804878048780466,-1,-1.3333333333333286,12.99999999999999,57.446808510638306
2025-04,Staten Island,2800,59,136.58536585365854,78.66666666666666,750,36.585365853658544,-16,-21.333333333333343,12.00000000000001,55.263157894736835
2025-05,Staten Island,2750,46,134.14634146341464,61.33333333333333,700,34.14634146341464,-29,-38.66666666666667,1.85185185185186,9.523809523809534
2025-06,Staten Island,3125,71,152.4390243902439,94.66666666666667,1075,52.4390243902439,-4,-5.333333333333329,15.740740740740744,91.89189189189189
2025-07,Staten Island,3000,63,146.34146341463415,84.0,950,46.34146341463415,-12,-16.0,17.647058823529417,23.529411764705888
2025-08,Staten Island,3000,68,146.34146341463415,90.66666666666666,950,46.34146341463415,-7,-9.333333333333343,11.111111111111116,25.92592592592593
2025-09,Staten Island,3000,67,146.34146341463415,89.33333333333333,950,46.34146341463415,-8,-10.666666666666671,5.263157894736836,26.415094339622634
2025-10,Staten Island,3200,52,156.09756097560975,69.33333333333334,1150,56.09756097560975,-23,-30.666666666666657,16.36363636363636,-14.754098360655743
2025-11,Staten Island,3300,59,160.97560975609758,78.66666666666666,1250,60.97560975609758,-16,-21.333333333333343,22.222222222222232,20.408163265306122
2025-12,Staten Island,3300,54,160.97560975609758,72.0,1250,60.97560975609758,-21,-28.0,37.78705636743216,0.0
2026-01,Staten Island,2850,55,139.02439024390242,73.33333333333333,800,39.02439024390242,-20,-26.66666666666667,16.326530612244895,-27.631578947368418
2026-02,Staten Island,2890,43,140.97560975609755,57.333333333333336,840,40.975609756097555,-32,-42.666666666666664,5.0909090909091015,-41.0958904109589
2026-03,Staten Island,2850,51,139.02439024390242,68.0,800,39.02439024390242,-24,-32.0,0.8849557522123908,-31.081081081081084
2026-04,Staten Island,3265,51,159.26829268292684,68.0,1215,59.26829268292684,-24,-32.0,16.607142857142865,-13.559322033898303
2026-05,Staten Island,3250,45,158.53658536585365,60.0,1200,58.536585365853654,-30,-40.0,18.181818181818187,-2.1739130434782594
2026-06,Staten Island,3300,57,160.97560975609758,76.0,1250,60.97560975609758,-18,-24.0,5.600000000000005,-19.718309859154925
