place_name,place_type,neighborhood,euclidean_m,network_m,extra_distance_m,detour_factor,euclidean_rank,network_rank,rank_change
Butler Library,university_library,Morningside Heights,121.03150211201357,170.77606977355265,49.74456766153908,1.4110051250582756,1,1,0
Morningside Heights Library,public_library,Morningside Heights,263.33892357247055,427.02793913079057,163.68901555832002,1.621590660953974,2,2,0
Sakura Park,park,Morningside Heights,553.5591353782232,780.2253865031608,226.66625112493762,1.4094707080754187,3,3,0
Riverside Park Overlook at 116th Street,park,Morningside Heights,683.2676274796332,797.4927695278683,114.22514204823506,1.1671748191401616,5,4,-1
West Harlem Piers Park,waterfront_park,West Harlem,1199.634160599964,1453.0430829972674,253.4089223973035,1.211238501469955,6,6,0
Morningside Park,park,Harlem,622.0129355937929,933.3698318813231,311.35689628753016,1.5005633781398762,4,5,1
The Metropolitan Museum of Art,museum,Upper East Side,3118.966082599511,4026.0241247266767,907.0580421271657,1.2908201045171916,9,9,0
Cooper Hewitt Garden,museum_garden,Carnegie Hill,2600.175761347685,3329.2686075832853,729.0928462356005,1.2804013701972623,8,8,0
Museum of the City of New York,museum,East Harlem,1896.4720393155378,2389.6431018963603,493.17106258082254,1.2600465772006924,7,7,0
