site_id,day,day_order,open_time,close_time,open_min,close_min,daily_open_hours,time_flag
OS001,Monday,0,07:30,15:00,450,900,7.5,ok
OS001,Tuesday,1,07:30,15:00,450,900,7.5,ok
OS001,Wednesday,2,07:30,15:00,450,900,7.5,ok
OS001,Thursday,3,07:30,15:00,450,900,7.5,ok
OS001,Friday,4,07:30,15:00,450,900,7.5,ok
OS002,Friday,4,14:00,21:00,840,1260,7.0,ok
OS002,Saturday,5,09:00,21:00,540,1260,12.0,ok
OS002,Sunday,6,09:00,21:00,540,1260,12.0,ok
OS003,Friday,4,14:00,21:00,840,1260,7.0,ok
OS003,Saturday,5,09:00,21:00,540,1260,12.0,ok
OS003,Sunday,6,09:00,21:00,540,1260,12.0,ok
OS004,Friday,4,19:00,23:00,1140,1380,4.0,ok
OS004,Saturday,5,18:00,23:00,1080,1380,5.0,ok
OS004,Sunday,6,18:00,23:00,1080,1380,5.0,ok
OS005,Friday,4,16:00,22:00,960,1320,6.0,ok
OS006,Friday,4,16:00,22:00,960,1320,6.0,ok
OS007,Monday,0,14:30,15:00,870,900,0.5,ok
OS007,Tuesday,1,14:30,15:00,870,900,0.5,ok
OS007,Wednesday,2,14:30,15:00,870,900,0.5,ok
OS007,Thursday,3,14:30,15:00,870,900,0.5,ok
OS007,Friday,4,14:30,15:00,870,900,0.5,ok
OS008,Tuesday,1,16:00,22:00,960,1320,6.0,ok
OS008,Wednesday,2,16:00,22:00,960,1320,6.0,ok
OS008,Thursday,3,16:00,22:00,960,1320,6.0,ok
OS008,Friday,4,16:00,23:00,960,1380,7.0,ok
OS008,Saturday,5,12:00,23:00,720,1380,11.0,ok
OS008,Sunday,6,12:00,22:00,720,1320,10.0,ok
OS009,Saturday,5,10:30,19:30,630,1170,9.0,ok
OS010,Monday,0,08:00,15:00,480,900,7.0,ok
OS010,Tuesday,1,08:00,15:00,480,900,7.0,ok
OS010,Wednesday,2,08:00,15:00,480,900,7.0,ok
OS010,Thursday,3,08:00,15:00,480,900,7.0,ok
OS010,Friday,4,08:00,15:00,480,900,7.0,ok
OS011,Monday,0,10:00,15:00,600,900,5.0,ok
OS011,Tuesday,1,10:00,15:00,600,900,5.0,ok
OS011,Wednesday,2,10:00,15:00,600,900,5.0,ok
OS011,Thursday,3,10:00,15:00,600,900,5.0,ok
OS011,Friday,4,10:00,11:00,600,660,1.0,ok
OS012,Monday,0,09:30,14:00,570,840,4.5,ok
OS012,Thursday,3,09:30,14:00,570,840,4.5,ok
OS012,Friday,4,09:30,14:00,570,840,4.5,ok
OS013,Friday,4,12:00,15:00,720,900,3.0,ok
OS014,Monday,0,07:00,19:00,420,1140,12.0,ok
OS014,Tuesday,1,09:00,19:00,540,1140,10.0,ok
OS014,Wednesday,2,09:00,19:00,540,1140,10.0,ok
OS014,Thursday,3,09:00,19:00,540,1140,10.0,ok
OS014,Friday,4,09:00,15:00,540,900,6.0,ok
OS015,Saturday,5,11:00,22:00,660,1320,11.0,ok
OS016,Monday,0,12:30,14:30,750,870,2.0,ok
OS016,Tuesday,1,12:30,14:30,750,870,2.0,ok
OS016,Wednesday,2,12:30,14:30,750,870,2.0,ok
OS016,Thursday,3,12:30,14:30,750,870,2.0,ok
OS016,Friday,4,12:30,14:30,750,870,2.0,ok
OS017,Monday,0,08:00,22:00,480,1320,14.0,ok
OS017,Tuesday,1,08:00,22:00,480,1320,14.0,ok
OS017,Wednesday,2,08:00,22:00,480,1320,14.0,ok
OS017,Thursday,3,08:00,22:00,480,1320,14.0,ok
OS017,Friday,4,08:00,22:00,480,1320,14.0,ok
OS017,Saturday,5,08:00,22:00,480,1320,14.0,ok
OS017,Sunday,6,08:00,22:00,480,1320,14.0,ok
OS018,Saturday,5,11:00,22:00,660,1320,11.0,ok
OS019,Monday,0,07:30,16:00,450,960,8.5,ok
OS019,Tuesday,1,07:30,16:00,450,960,8.5,ok
OS019,Wednesday,2,07:30,16:00,450,960,8.5,ok
OS019,Thursday,3,07:30,16:00,450,960,8.5,ok
OS019,Friday,4,07:30,16:00,450,960,8.5,ok
OS020,Monday,0,08:00,21:00,480,1260,13.0,ok
OS020,Tuesday,1,08:00,21:00,480,1260,13.0,ok
OS020,Wednesday,2,08:00,21:00,480,1260,13.0,ok
OS020,Thursday,3,08:00,09:00,480,540,1.0,ok
OS020,Friday,4,08:00,21:00,480,1260,13.0,ok
OS020,Saturday,5,08:00,21:00,480,1260,13.0,ok
OS020,Sunday,6,08:00,21:00,480,1260,13.0,ok
OS021,Saturday,5,09:00,23:00,540,1380,14.0,ok
OS021,Sunday,6,09:00,21:00,540,1260,12.0,ok
OS022,Sunday,6,10:00,19:00,600,1140,9.0,ok
OS023,Saturday,5,09:00,16:00,540,960,7.0,ok
OS024,Monday,0,09:15,15:00,555,900,5.75,ok
OS024,Tuesday,1,09:15,15:00,555,900,5.75,ok
OS024,Wednesday,2,09:15,15:00,555,900,5.75,ok
OS024,Thursday,3,09:15,15:00,555,900,5.75,ok
OS024,Friday,4,09:15,15:00,555,900,5.75,ok
OS025,Monday,0,15:00,23:00,900,1380,8.0,ok
OS025,Tuesday,1,15:00,23:00,900,1380,8.0,ok
OS025,Wednesday,2,15:00,23:00,900,1380,8.0,ok
OS025,Thursday,3,15:00,23:00,900,1380,8.0,ok
OS025,Friday,4,15:00,23:00,900,1380,8.0,ok
OS025,Saturday,5,15:00,23:00,900,1380,8.0,ok
OS025,Sunday,6,15:00,23:00,900,1380,8.0,ok
OS026,Friday,4,16:00,23:00,960,1380,7.0,ok
OS026,Saturday,5,12:00,23:00,720,1380,11.0,ok
OS026,Sunday,6,12:00,23:00,720,1380,11.0,ok
OS027,Monday,0,07:00,17:00,420,1020,10.0,ok
OS027,Tuesday,1,07:00,17:00,420,1020,10.0,ok
OS027,Wednesday,2,07:00,17:00,420,1020,10.0,ok
OS027,Thursday,3,07:00,17:00,420,1020,10.0,ok
OS027,Friday,4,07:00,17:00,420,1020,10.0,ok
OS028,Monday,0,07:00,17:00,420,1020,10.0,ok
OS028,Tuesday,1,07:00,17:00,420,1020,10.0,ok
OS028,Wednesday,2,07:00,17:00,420,1020,10.0,ok
OS028,Thursday,3,07:00,17:00,420,1020,10.0,ok
OS028,Friday,4,07:00,17:00,420,1020,10.0,ok
OS029,Monday,0,11:00,21:00,660,1260,10.0,ok
OS029,Tuesday,1,11:00,21:00,660,1260,10.0,ok
OS029,Wednesday,2,11:00,21:00,660,1260,10.0,ok
OS029,Thursday,3,11:00,21:00,660,1260,10.0,ok
OS029,Friday,4,11:00,21:00,660,1260,10.0,ok
OS029,Saturday,5,11:00,21:00,660,1260,10.0,ok
OS029,Sunday,6,10:00,21:00,600,1260,11.0,ok
OS030,Thursday,3,15:00,21:00,900,1260,6.0,ok
OS030,Friday,4,15:00,22:00,900,1320,7.0,ok
OS030,Saturday,5,10:00,22:00,600,1320,12.0,ok
OS030,Sunday,6,10:00,21:00,600,1260,11.0,ok
OS031,Monday,0,07:00,17:00,420,1020,10.0,ok
OS031,Tuesday,1,07:00,17:00,420,1020,10.0,ok
OS031,Wednesday,2,07:00,17:00,420,1020,10.0,ok
OS031,Thursday,3,07:00,17:00,420,1020,10.0,ok
OS031,Friday,4,07:00,17:00,420,1020,10.0,ok
OS032,Monday,0,09:00,17:00,540,1020,8.0,ok
OS032,Tuesday,1,09:00,17:00,540,1020,8.0,ok
OS032,Wednesday,2,09:00,17:00,540,1020,8.0,ok
OS032,Thursday,3,09:00,17:00,540,1020,8.0,ok
OS032,Friday,4,09:00,17:00,540,1020,8.0,ok
OS033,Sunday,6,11:00,20:00,660,1200,9.0,ok
OS034,Saturday,5,12:00,22:00,720,1320,10.0,ok
OS035,Monday,0,11:45,13:30,705,810,1.75,ok
OS035,Tuesday,1,11:45,13:30,705,810,1.75,ok
OS035,Wednesday,2,11:45,13:30,705,810,1.75,ok
OS035,Thursday,3,11:45,13:30,705,810,1.75,ok
OS035,Friday,4,11:45,13:30,705,810,1.75,ok
OS036,Saturday,5,10:30,16:30,630,990,6.0,ok
OS037,Friday,4,16:00,23:00,960,1380,7.0,ok
OS037,Saturday,5,11:00,23:00,660,1380,12.0,ok
OS037,Sunday,6,11:00,18:00,660,1080,7.0,ok
OS038,Saturday,5,08:00,20:00,480,1200,12.0,ok
OS039,Thursday,3,10:00,19:00,600,1140,9.0,ok
OS039,Friday,4,10:00,19:00,600,1140,9.0,ok
OS039,Saturday,5,10:00,19:00,600,1140,9.0,ok
OS040,Sunday,6,11:00,20:00,660,1200,9.0,ok
OS041,Monday,0,08:00,20:00,480,1200,12.0,ok
OS041,Tuesday,1,08:00,20:00,480,1200,12.0,ok
OS041,Wednesday,2,08:00,20:00,480,1200,12.0,ok
OS041,Thursday,3,08:00,20:00,480,1200,12.0,ok
OS041,Friday,4,08:00,20:00,480,1200,12.0,ok
OS041,Saturday,5,08:00,20:00,480,1200,12.0,ok
OS041,Sunday,6,08:00,20:00,480,1200,12.0,ok
OS042,Monday,0,08:00,19:00,480,1140,11.0,ok
OS042,Tuesday,1,08:00,19:00,480,1140,11.0,ok
OS042,Wednesday,2,08:00,19:00,480,1140,11.0,ok
OS042,Thursday,3,08:00,19:00,480,1140,11.0,ok
OS042,Friday,4,08:00,19:00,480,1140,11.0,ok
OS042,Saturday,5,08:00,19:00,480,1140,11.0,ok
OS042,Sunday,6,08:00,19:00,480,1140,11.0,ok
OS043,Monday,0,08:00,20:00,480,1200,12.0,ok
OS043,Tuesday,1,08:00,20:00,480,1200,12.0,ok
OS043,Wednesday,2,08:00,20:00,480,1200,12.0,ok
OS043,Thursday,3,08:00,20:00,480,1200,12.0,ok
OS043,Friday,4,08:00,20:00,480,1200,12.0,ok
OS043,Saturday,5,08:00,20:00,480,1200,12.0,ok
OS043,Sunday,6,08:00,20:00,480,1200,12.0,ok
OS044,Saturday,5,11:00,00:00,660,1440,13.0,ok
OS044,Sunday,6,11:00,00:00,660,1440,13.0,ok
OS045,Monday,0,08:00,15:30,480,930,7.5,ok
OS045,Tuesday,1,08:00,15:30,480,930,7.5,ok
OS045,Wednesday,2,08:00,15:30,480,930,7.5,ok
OS045,Thursday,3,08:00,15:30,480,930,7.5,ok
OS045,Friday,4,08:00,15:30,480,930,7.5,ok
OS046,Wednesday,2,14:00,22:00,840,1320,8.0,ok
OS046,Thursday,3,14:00,22:00,840,1320,8.0,ok
OS046,Friday,4,14:00,22:00,840,1320,8.0,ok
OS046,Saturday,5,12:00,22:00,720,1320,10.0,ok
OS046,Sunday,6,12:00,22:00,720,1320,10.0,ok
OS047,Wednesday,2,14:00,22:00,840,1320,8.0,ok
OS047,Thursday,3,14:00,22:00,840,1320,8.0,ok
OS047,Friday,4,14:00,22:00,840,1320,8.0,ok
OS047,Saturday,5,12:00,22:00,720,1320,10.0,ok
OS047,Sunday,6,12:00,22:00,720,1320,10.0,ok
OS048,Wednesday,2,14:00,22:00,840,1320,8.0,ok
OS048,Thursday,3,14:00,22:00,840,1320,8.0,ok
OS048,Friday,4,14:00,22:00,840,1320,8.0,ok
OS048,Saturday,5,12:00,22:00,720,1320,10.0,ok
OS048,Sunday,6,12:00,22:00,720,1320,10.0,ok
OS049,Monday,0,10:00,22:00,600,1320,12.0,ok
OS049,Tuesday,1,10:00,22:00,600,1320,12.0,ok
OS049,Wednesday,2,10:00,22:00,600,1320,12.0,ok
OS049,Thursday,3,10:00,23:00,600,1380,13.0,ok
OS049,Friday,4,10:00,23:00,600,1380,13.0,ok
OS049,Saturday,5,10:00,23:00,600,1380,13.0,ok
OS049,Sunday,6,10:00,22:00,600,1320,12.0,ok
OS050,Friday,4,09:00,00:00,540,1440,15.0,ok
OS050,Saturday,5,09:00,00:00,540,1440,15.0,ok
OS050,Sunday,6,09:00,23:00,540,1380,14.0,ok
OS051,Thursday,3,11:00,23:00,660,1380,12.0,ok
OS051,Friday,4,11:00,23:00,660,1380,12.0,ok
OS051,Saturday,5,09:00,23:00,540,1380,14.0,ok
OS051,Sunday,6,09:00,23:00,540,1380,14.0,ok
OS052,Thursday,3,17:00,23:00,1020,1380,6.0,ok
OS052,Friday,4,17:00,23:00,1020,1380,6.0,ok
OS052,Saturday,5,11:00,23:00,660,1380,12.0,ok
OS052,Sunday,6,11:00,22:00,660,1320,11.0,ok
OS053,Thursday,3,16:30,23:30,990,1410,7.0,ok
OS053,Friday,4,16:30,23:30,990,1410,7.0,ok
OS053,Saturday,5,10:30,23:30,630,1410,13.0,ok
OS053,Sunday,6,10:30,23:30,630,1410,13.0,ok
OS054,Monday,0,11:10,13:10,670,790,2.0,ok
OS054,Tuesday,1,11:10,13:10,670,790,2.0,ok
OS054,Wednesday,2,11:10,13:10,670,790,2.0,ok
OS054,Thursday,3,11:10,13:10,670,790,2.0,ok
OS054,Friday,4,11:10,13:10,670,790,2.0,ok
OS055,Thursday,3,16:30,23:30,990,1410,7.0,ok
OS055,Friday,4,16:30,23:30,990,1410,7.0,ok
OS055,Saturday,5,10:30,23:30,630,1410,13.0,ok
OS055,Sunday,6,10:30,23:30,630,1410,13.0,ok
OS056,Monday,0,16:30,23:00,990,1380,6.5,ok
OS056,Tuesday,1,16:30,23:00,990,1380,6.5,ok
OS056,Wednesday,2,16:30,23:00,990,1380,6.5,ok
OS056,Thursday,3,16:30,23:00,990,1380,6.5,ok
OS056,Friday,4,16:30,23:00,990,1380,6.5,ok
OS056,Saturday,5,11:00,23:00,660,1380,12.0,ok
OS056,Sunday,6,11:00,23:00,660,1380,12.0,ok
OS057,Monday,0,07:45,14:45,465,885,7.0,ok
OS057,Tuesday,1,07:45,14:45,465,885,7.0,ok
OS057,Wednesday,2,07:45,14:45,465,885,7.0,ok
OS057,Thursday,3,07:45,14:45,465,885,7.0,ok
OS057,Friday,4,07:45,14:45,465,885,7.0,ok
OS058,Monday,0,12:00,21:00,720,1260,9.0,ok
OS058,Tuesday,1,12:00,21:00,720,1260,9.0,ok
OS058,Wednesday,2,12:00,21:00,720,1260,9.0,ok
OS058,Thursday,3,12:00,22:00,720,1320,10.0,ok
OS058,Friday,4,12:00,22:00,720,1320,10.0,ok
OS058,Saturday,5,12:00,22:00,720,1320,10.0,ok
OS058,Sunday,6,12:00,21:00,720,1260,9.0,ok
OS059,Monday,0,12:00,21:00,720,1260,9.0,ok
OS059,Tuesday,1,12:00,21:00,720,1260,9.0,ok
OS059,Wednesday,2,12:00,21:00,720,1260,9.0,ok
OS059,Thursday,3,12:00,22:00,720,1320,10.0,ok
OS059,Friday,4,12:00,22:00,720,1320,10.0,ok
OS059,Saturday,5,12:00,22:00,720,1320,10.0,ok
OS059,Sunday,6,12:00,21:00,720,1260,9.0,ok
OS060,Wednesday,2,17:00,23:00,1020,1380,6.0,ok
OS060,Thursday,3,17:00,23:00,1020,1380,6.0,ok
OS060,Friday,4,17:00,23:00,1020,1380,6.0,ok
OS060,Saturday,5,11:00,23:00,660,1380,12.0,ok
OS060,Sunday,6,11:00,23:00,660,1380,12.0,ok
OS061,Thursday,3,16:00,21:00,960,1260,5.0,ok
OS062,Sunday,6,08:00,20:00,480,1200,12.0,ok
OS063,Sunday,6,08:00,18:00,480,1080,10.0,ok
OS064,Sunday,6,10:00,18:00,600,1080,8.0,ok
OS065,Monday,0,07:00,16:30,420,990,9.5,ok
OS065,Tuesday,1,07:00,16:30,420,990,9.5,ok
OS065,Wednesday,2,07:00,16:30,420,990,9.5,ok
OS065,Thursday,3,07:00,16:30,420,990,9.5,ok
OS065,Friday,4,07:00,16:30,420,990,9.5,ok
OS066,Friday,4,16:30,23:00,990,1380,6.5,ok
OS066,Saturday,5,11:30,23:00,690,1380,11.5,ok
OS066,Sunday,6,11:30,22:00,690,1320,10.5,ok
OS067,Monday,0,07:30,15:30,450,930,8.0,ok
OS067,Tuesday,1,07:30,15:30,450,930,8.0,ok
OS067,Wednesday,2,07:30,15:30,450,930,8.0,ok
OS067,Thursday,3,07:30,15:30,450,930,8.0,ok
OS067,Friday,4,07:30,15:30,450,930,8.0,ok
OS068,Monday,0,08:00,20:00,480,1200,12.0,ok
OS068,Tuesday,1,08:00,20:00,480,1200,12.0,ok
OS068,Wednesday,2,08:00,20:00,480,1200,12.0,ok
OS068,Thursday,3,08:00,20:00,480,1200,12.0,ok
OS068,Friday,4,08:00,20:00,480,1200,12.0,ok
OS068,Saturday,5,08:00,20:00,480,1200,12.0,ok
OS068,Sunday,6,08:00,20:00,480,1200,12.0,ok
OS069,Monday,0,08:00,20:00,480,1200,12.0,ok
OS069,Tuesday,1,08:00,20:00,480,1200,12.0,ok
OS069,Wednesday,2,08:00,20:00,480,1200,12.0,ok
OS069,Thursday,3,08:00,20:00,480,1200,12.0,ok
OS069,Friday,4,08:00,20:00,480,1200,12.0,ok
OS069,Saturday,5,08:00,20:00,480,1200,12.0,ok
OS069,Sunday,6,08:00,20:00,480,1200,12.0,ok
OS070,Monday,0,00:00,23:59,0,1439,23.983333333333334,ok
OS070,Tuesday,1,00:00,23:59,0,1439,23.983333333333334,ok
OS070,Wednesday,2,00:00,23:59,0,1439,23.983333333333334,ok
OS070,Thursday,3,00:00,23:59,0,1439,23.983333333333334,ok
OS070,Friday,4,00:00,23:59,0,1439,23.983333333333334,ok
OS070,Saturday,5,00:00,23:59,0,1439,23.983333333333334,ok
OS070,Sunday,6,00:00,23:59,0,1439,23.983333333333334,ok
OS071,Sunday,6,10:00,20:00,600,1200,10.0,ok
OS072,Sunday,6,10:00,20:00,600,1200,10.0,ok
OS073,Monday,0,07:00,20:00,420,1200,13.0,ok
OS073,Tuesday,1,07:00,20:00,420,1200,13.0,ok
OS073,Wednesday,2,07:00,20:00,420,1200,13.0,ok
OS073,Thursday,3,07:00,20:00,420,1200,13.0,ok
OS073,Friday,4,07:00,20:00,420,1200,13.0,ok
OS073,Saturday,5,07:00,20:00,420,1200,13.0,ok
OS073,Sunday,6,07:00,20:00,420,1200,13.0,ok
OS074,Sunday,6,09:00,20:00,540,1200,11.0,ok
OS075,Monday,0,09:00,14:30,540,870,5.5,ok
OS075,Tuesday,1,09:00,14:30,540,870,5.5,ok
OS075,Wednesday,2,09:00,14:30,540,870,5.5,ok
OS075,Thursday,3,09:00,14:30,540,870,5.5,ok
OS075,Friday,4,09:00,14:30,540,870,5.5,ok
OS076,Monday,0,08:00,15:00,480,900,7.0,ok
OS076,Tuesday,1,08:00,15:00,480,900,7.0,ok
OS076,Wednesday,2,08:00,15:00,480,900,7.0,ok
OS076,Thursday,3,08:00,15:00,480,900,7.0,ok
OS076,Friday,4,08:00,15:00,480,900,7.0,ok
OS077,Saturday,5,11:00,19:00,660,1140,8.0,ok
OS077,Sunday,6,12:00,18:00,720,1080,6.0,ok
OS078,Saturday,5,12:00,22:00,720,1320,10.0,ok
OS078,Sunday,6,12:01,21:00,721,1260,8.983333333333333,ok
OS079,Tuesday,1,09:30,17:00,570,1020,7.5,ok
OS079,Wednesday,2,09:30,17:00,570,1020,7.5,ok
OS080,Saturday,5,11:00,18:30,660,1110,7.5,ok
OS081,Friday,4,07:30,16:30,450,990,9.0,ok
OS082,Friday,4,12:00,21:00,720,1260,9.0,ok
OS082,Saturday,5,12:00,21:00,720,1260,9.0,ok
OS082,Sunday,6,12:00,21:00,720,1260,9.0,ok
OS083,Friday,4,14:00,16:00,840,960,2.0,ok
OS084,Monday,0,11:00,17:00,660,1020,6.0,ok
OS084,Tuesday,1,11:00,17:00,660,1020,6.0,ok
OS084,Wednesday,2,11:00,17:00,660,1020,6.0,ok
OS084,Thursday,3,11:00,17:00,660,1020,6.0,ok
OS084,Friday,4,11:00,17:00,660,1020,6.0,ok
OS085,Monday,0,11:00,17:00,660,1020,6.0,ok
OS085,Tuesday,1,11:00,17:00,660,1020,6.0,ok
OS085,Wednesday,2,11:00,17:00,660,1020,6.0,ok
OS085,Thursday,3,11:00,17:00,660,1020,6.0,ok
OS085,Friday,4,11:00,17:00,660,1020,6.0,ok
OS086,Monday,0,08:00,20:00,480,1200,12.0,ok
OS086,Tuesday,1,08:00,20:00,480,1200,12.0,ok
OS086,Wednesday,2,08:00,20:00,480,1200,12.0,ok
OS086,Thursday,3,08:00,20:00,480,1200,12.0,ok
OS086,Friday,4,08:00,20:00,480,1200,12.0,ok
OS086,Saturday,5,08:00,20:00,480,1200,12.0,ok
OS086,Sunday,6,08:00,20:00,480,1200,12.0,ok
OS087,Saturday,5,10:00,22:00,600,1320,12.0,ok
OS087,Sunday,6,10:00,22:00,600,1320,12.0,ok
OS088,Monday,0,11:00,13:45,660,825,2.75,ok
OS088,Tuesday,1,11:00,13:45,660,825,2.75,ok
OS088,Wednesday,2,11:00,13:45,660,825,2.75,ok
OS088,Thursday,3,11:00,13:45,660,825,2.75,ok
OS088,Friday,4,11:00,13:45,660,825,2.75,ok
OS089,Friday,4,16:00,23:59,960,1439,7.983333333333333,ok
OS089,Saturday,5,12:00,23:59,720,1439,11.983333333333333,ok
OS089,Sunday,6,12:00,23:59,720,1439,11.983333333333333,ok
OS090,Monday,0,10:00,16:00,600,960,6.0,ok
OS090,Tuesday,1,10:00,16:00,600,960,6.0,ok
OS090,Wednesday,2,10:00,16:00,600,960,6.0,ok
OS090,Thursday,3,10:00,16:00,600,960,6.0,ok
OS090,Friday,4,10:00,16:00,600,960,6.0,ok
OS090,Saturday,5,11:00,17:00,660,1020,6.0,ok
OS091,Monday,0,12:00,18:00,720,1080,6.0,ok
OS091,Tuesday,1,12:00,18:00,720,1080,6.0,ok
OS091,Wednesday,2,12:00,18:00,720,1080,6.0,ok
OS091,Thursday,3,12:00,18:00,720,1080,6.0,ok
OS091,Friday,4,12:00,18:00,720,1080,6.0,ok
OS091,Saturday,5,12:00,18:00,720,1080,6.0,ok
OS091,Sunday,6,12:00,18:00,720,1080,6.0,ok
OS092,Friday,4,15:30,19:00,930,1140,3.5,ok
OS092,Saturday,5,08:00,20:00,480,1200,12.0,ok
OS092,Sunday,6,12:00,16:00,720,960,4.0,ok
OS093,Monday,0,10:00,14:00,600,840,4.0,ok
OS093,Tuesday,1,10:00,14:00,600,840,4.0,ok
OS093,Wednesday,2,10:00,14:00,600,840,4.0,ok
OS093,Thursday,3,10:00,14:00,600,840,4.0,ok
OS093,Friday,4,10:00,14:00,600,840,4.0,ok
OS094,Monday,0,08:00,20:00,480,1200,12.0,ok
OS094,Tuesday,1,08:00,20:00,480,1200,12.0,ok
OS094,Wednesday,2,08:00,20:00,480,1200,12.0,ok
OS094,Thursday,3,08:00,20:00,480,1200,12.0,ok
OS094,Friday,4,08:00,20:00,480,1200,12.0,ok
OS095,Monday,0,10:00,13:15,600,795,3.25,ok
OS095,Tuesday,1,10:00,13:15,600,795,3.25,ok
OS095,Wednesday,2,10:00,13:15,600,795,3.25,ok
OS095,Thursday,3,10:00,13:15,600,795,3.25,ok
OS095,Friday,4,10:00,13:15,600,795,3.25,ok
OS096,Saturday,5,12:00,20:00,720,1200,8.0,ok
OS096,Sunday,6,12:00,20:00,720,1200,8.0,ok
OS097,Saturday,5,17:00,21:00,1020,1260,4.0,ok
OS098,Monday,0,07:30,16:30,450,990,9.0,ok
OS098,Tuesday,1,07:30,16:30,450,990,9.0,ok
OS098,Wednesday,2,07:30,16:30,450,990,9.0,ok
OS098,Thursday,3,07:30,16:30,450,990,9.0,ok
OS098,Friday,4,07:30,16:30,450,990,9.0,ok
OS099,Monday,0,10:00,14:30,600,870,4.5,ok
OS099,Tuesday,1,10:00,14:30,600,870,4.5,ok
OS099,Wednesday,2,10:00,14:30,600,870,4.5,ok
OS099,Thursday,3,10:00,14:30,600,870,4.5,ok
OS099,Friday,4,10:00,14:30,600,870,4.5,ok
OS100,Monday,0,10:30,15:00,630,900,4.5,ok
OS100,Tuesday,1,10:30,15:00,630,900,4.5,ok
OS100,Wednesday,2,10:30,15:00,630,900,4.5,ok
OS100,Thursday,3,10:30,15:00,630,900,4.5,ok
OS100,Friday,4,10:30,15:00,630,900,4.5,ok
OS101,Saturday,5,12:00,15:00,720,900,3.0,ok
OS102,Monday,0,14:00,16:00,840,960,2.0,ok
OS102,Tuesday,1,14:00,16:00,840,960,2.0,ok
OS102,Wednesday,2,14:00,16:00,840,960,2.0,ok
OS102,Thursday,3,14:00,16:00,840,960,2.0,ok
OS102,Friday,4,14:00,16:00,840,960,2.0,ok
OS103,Monday,0,08:00,16:00,480,960,8.0,ok
OS103,Tuesday,1,08:00,16:00,480,960,8.0,ok
OS103,Wednesday,2,08:00,16:00,480,960,8.0,ok
OS103,Thursday,3,08:00,16:00,480,960,8.0,ok
OS103,Friday,4,08:00,16:00,480,960,8.0,ok
OS104,Monday,0,10:00,13:30,600,810,3.5,ok
OS104,Tuesday,1,10:00,13:30,600,810,3.5,ok
OS104,Wednesday,2,10:00,13:30,600,810,3.5,ok
OS104,Thursday,3,10:00,13:30,600,810,3.5,ok
OS104,Friday,4,10:00,13:30,600,810,3.5,ok
OS105,Wednesday,2,08:00,17:00,480,1020,9.0,ok
OS105,Friday,4,08:00,17:00,480,1020,9.0,ok
OS106,Monday,0,11:30,17:00,690,1020,5.5,ok
OS106,Tuesday,1,11:30,17:00,690,1020,5.5,ok
OS106,Wednesday,2,11:30,17:00,690,1020,5.5,ok
OS106,Thursday,3,11:30,17:00,690,1020,5.5,ok
OS107,Saturday,5,09:00,17:00,540,1020,8.0,ok
OS108,Wednesday,2,11:00,17:00,660,1020,6.0,ok
OS108,Thursday,3,11:00,17:00,660,1020,6.0,ok
OS108,Friday,4,11:00,17:00,660,1020,6.0,ok
OS109,Monday,0,08:00,16:00,480,960,8.0,ok
OS109,Tuesday,1,08:00,16:00,480,960,8.0,ok
OS109,Wednesday,2,08:00,16:00,480,960,8.0,ok
OS109,Thursday,3,08:00,16:00,480,960,8.0,ok
OS109,Friday,4,08:00,16:00,480,960,8.0,ok
OS110,Monday,0,10:00,13:30,600,810,3.5,ok
OS110,Tuesday,1,10:00,13:30,600,810,3.5,ok
OS110,Wednesday,2,10:00,13:30,600,810,3.5,ok
OS110,Thursday,3,10:00,13:30,600,810,3.5,ok
OS110,Friday,4,10:00,13:30,600,810,3.5,ok
OS111,Monday,0,10:00,13:00,600,780,3.0,ok
OS111,Tuesday,1,10:00,13:00,600,780,3.0,ok
OS111,Friday,4,10:00,13:00,600,780,3.0,ok
OS112,Monday,0,07:30,14:30,450,870,7.0,ok
OS112,Tuesday,1,07:30,14:30,450,870,7.0,ok
OS112,Wednesday,2,07:30,14:30,450,870,7.0,ok
OS112,Thursday,3,07:30,14:30,450,870,7.0,ok
OS112,Friday,4,07:30,14:30,450,870,7.0,ok
OS113,Sunday,6,12:00,18:00,720,1080,6.0,ok
OS114,Saturday,5,11:30,19:30,690,1170,8.0,ok
OS115,Monday,0,07:45,14:10,465,850,6.416666666666667,ok
OS115,Tuesday,1,07:45,14:10,465,850,6.416666666666667,ok
OS115,Wednesday,2,07:45,14:10,465,850,6.416666666666667,ok
OS115,Thursday,3,07:45,14:10,465,850,6.416666666666667,ok
OS115,Friday,4,07:45,14:10,465,850,6.416666666666667,ok
OS116,Monday,0,08:00,12:00,480,720,4.0,ok
OS116,Tuesday,1,08:00,12:00,480,720,4.0,ok
OS116,Wednesday,2,08:00,12:00,480,720,4.0,ok
OS116,Thursday,3,08:00,12:00,480,720,4.0,ok
OS116,Friday,4,08:00,12:00,480,720,4.0,ok
OS117,Monday,0,11:00,13:00,660,780,2.0,ok
OS117,Tuesday,1,11:00,13:00,660,780,2.0,ok
OS117,Wednesday,2,11:00,13:00,660,780,2.0,ok
OS117,Thursday,3,11:00,13:00,660,780,2.0,ok
OS117,Friday,4,11:00,13:00,660,780,2.0,ok
OS118,Monday,0,11:00,19:00,660,1140,8.0,ok
OS118,Tuesday,1,11:00,19:00,660,1140,8.0,ok
OS118,Wednesday,2,11:00,19:00,660,1140,8.0,ok
OS118,Thursday,3,11:00,19:00,660,1140,8.0,ok
OS118,Friday,4,11:00,19:00,660,1140,8.0,ok
OS118,Saturday,5,13:00,19:00,780,1140,6.0,ok
OS119,Monday,0,07:30,16:30,450,990,9.0,ok
OS120,Tuesday,1,08:00,16:00,480,960,8.0,ok
OS121,Monday,0,08:00,21:00,480,1260,13.0,ok
OS121,Tuesday,1,08:00,21:00,480,1260,13.0,ok
OS121,Wednesday,2,08:00,21:00,480,1260,13.0,ok
OS121,Thursday,3,08:00,21:00,480,1260,13.0,ok
OS121,Friday,4,08:00,21:00,480,1260,13.0,ok
OS121,Saturday,5,08:00,21:00,480,1260,13.0,ok
OS121,Sunday,6,08:00,21:00,480,1260,13.0,ok
OS122,Monday,0,07:30,16:30,450,990,9.0,ok
OS122,Tuesday,1,07:30,16:30,450,990,9.0,ok
OS122,Wednesday,2,07:30,16:30,450,990,9.0,ok
OS122,Thursday,3,07:30,16:30,450,990,9.0,ok
OS122,Friday,4,07:30,16:30,450,990,9.0,ok
OS123,Wednesday,2,10:00,16:30,600,990,6.5,ok
OS123,Thursday,3,10:00,16:30,600,990,6.5,ok
OS123,Friday,4,10:00,16:30,600,990,6.5,ok
OS124,Monday,0,07:50,15:30,470,930,7.666666666666667,ok
OS124,Tuesday,1,07:50,15:30,470,930,7.666666666666667,ok
OS124,Wednesday,2,07:50,15:30,470,930,7.666666666666667,ok
OS124,Thursday,3,07:50,15:30,470,930,7.666666666666667,ok
OS124,Friday,4,07:50,15:30,470,930,7.666666666666667,ok
OS125,Monday,0,07:30,15:15,450,915,7.75,ok
OS125,Tuesday,1,07:30,15:15,450,915,7.75,ok
OS125,Wednesday,2,07:30,15:15,450,915,7.75,ok
OS125,Thursday,3,07:30,15:15,450,915,7.75,ok
OS125,Friday,4,07:30,15:15,450,915,7.75,ok
OS126,Monday,0,07:30,15:15,450,915,7.75,ok
OS126,Tuesday,1,07:30,15:15,450,915,7.75,ok
OS126,Wednesday,2,07:30,15:15,450,915,7.75,ok
OS126,Thursday,3,07:30,15:15,450,915,7.75,ok
OS126,Friday,4,07:30,15:15,450,915,7.75,ok
OS127,Monday,0,07:30,16:30,450,990,9.0,ok
OS127,Tuesday,1,07:30,04:30,450,270,,manual_review
OS127,Wednesday,2,07:30,16:30,450,990,9.0,ok
OS127,Thursday,3,07:30,16:30,450,990,9.0,ok
OS127,Friday,4,07:30,16:30,450,990,9.0,ok
OS128,Saturday,5,11:00,18:00,660,1080,7.0,ok
OS129,Monday,0,10:00,14:00,600,840,4.0,ok
OS129,Tuesday,1,10:00,14:00,600,840,4.0,ok
OS129,Wednesday,2,10:00,14:00,600,840,4.0,ok
OS129,Thursday,3,10:00,14:00,600,840,4.0,ok
OS129,Friday,4,10:00,14:00,600,840,4.0,ok
OS130,Monday,0,07:30,17:30,450,1050,10.0,ok
OS130,Tuesday,1,07:30,17:30,450,1050,10.0,ok
OS130,Wednesday,2,07:30,17:30,450,1050,10.0,ok
OS130,Thursday,3,07:30,17:30,450,1050,10.0,ok
OS130,Friday,4,07:30,17:30,450,1050,10.0,ok
OS131,Monday,0,08:30,13:45,510,825,5.25,ok
OS131,Tuesday,1,08:30,13:45,510,825,5.25,ok
OS131,Wednesday,2,08:30,13:45,510,825,5.25,ok
OS131,Thursday,3,08:30,13:45,510,825,5.25,ok
OS131,Friday,4,08:30,13:45,510,825,5.25,ok
OS132,Friday,4,09:00,23:00,540,1380,14.0,ok
OS132,Saturday,5,09:00,23:00,540,1380,14.0,ok
OS132,Sunday,6,09:00,21:00,540,1260,12.0,ok
OS133,Monday,0,10:00,19:00,600,1140,9.0,ok
OS133,Tuesday,1,10:00,19:00,600,1140,9.0,ok
OS133,Wednesday,2,10:00,19:00,600,1140,9.0,ok
OS133,Thursday,3,10:00,19:00,600,1140,9.0,ok
OS133,Friday,4,10:00,19:00,600,1140,9.0,ok
OS133,Saturday,5,09:00,17:00,540,1020,8.0,ok
OS133,Sunday,6,12:00,18:00,720,1080,6.0,ok
OS134,Monday,0,09:00,22:00,540,1320,13.0,ok
OS134,Tuesday,1,09:00,22:00,540,1320,13.0,ok
OS134,Wednesday,2,09:00,22:00,540,1320,13.0,ok
OS134,Thursday,3,09:00,22:00,540,1320,13.0,ok
OS134,Friday,4,09:00,22:00,540,1320,13.0,ok
OS134,Saturday,5,09:00,22:00,540,1320,13.0,ok
OS134,Sunday,6,09:00,22:00,540,1320,13.0,ok
OS135,Monday,0,07:00,20:00,420,1200,13.0,ok
OS135,Tuesday,1,07:00,20:00,420,1200,13.0,ok
OS135,Wednesday,2,07:00,20:00,420,1200,13.0,ok
OS135,Thursday,3,07:00,20:00,420,1200,13.0,ok
OS135,Friday,4,07:00,20:00,420,1200,13.0,ok
OS135,Saturday,5,07:00,20:00,420,1200,13.0,ok
OS135,Sunday,6,07:00,20:00,420,1200,13.0,ok
OS136,Monday,0,10:30,13:30,630,810,3.0,ok
OS136,Tuesday,1,10:30,13:30,630,810,3.0,ok
OS136,Wednesday,2,10:30,13:30,630,810,3.0,ok
OS136,Thursday,3,10:30,13:30,630,810,3.0,ok
OS136,Friday,4,10:30,13:30,630,810,3.0,ok
OS137,Monday,0,07:30,16:30,450,990,9.0,ok
OS137,Tuesday,1,07:30,16:30,450,990,9.0,ok
OS137,Wednesday,2,07:30,16:30,450,990,9.0,ok
OS137,Thursday,3,07:30,16:30,450,990,9.0,ok
OS137,Friday,4,07:30,16:30,450,990,9.0,ok
OS138,Sunday,6,16:00,19:30,960,1170,3.5,ok
OS139,Monday,0,09:00,14:00,540,840,5.0,ok
OS139,Tuesday,1,09:00,14:00,540,840,5.0,ok
OS139,Wednesday,2,09:00,14:00,540,840,5.0,ok
OS139,Thursday,3,09:00,14:00,540,840,5.0,ok
OS139,Friday,4,09:00,14:00,540,840,5.0,ok
OS140,Monday,0,07:30,15:30,450,930,8.0,ok
OS140,Tuesday,1,07:30,15:30,450,930,8.0,ok
OS140,Wednesday,2,07:30,15:30,450,930,8.0,ok
OS140,Thursday,3,07:30,15:30,450,930,8.0,ok
OS140,Friday,4,07:30,15:30,450,930,8.0,ok
OS141,Monday,0,10:30,14:00,630,840,3.5,ok
OS141,Tuesday,1,10:30,14:00,630,840,3.5,ok
OS141,Wednesday,2,10:30,14:00,630,840,3.5,ok
OS141,Thursday,3,10:30,14:00,630,840,3.5,ok
OS141,Friday,4,10:30,14:00,630,840,3.5,ok
OS142,Saturday,5,12:00,20:00,720,1200,8.0,ok
OS143,Thursday,3,15:30,21:00,930,1260,5.5,ok
OS144,Monday,0,10:00,20:00,600,1200,10.0,ok
OS144,Tuesday,1,10:00,20:00,600,1200,10.0,ok
OS144,Wednesday,2,10:00,20:00,600,1200,10.0,ok
OS144,Thursday,3,10:00,20:00,600,1200,10.0,ok
OS144,Friday,4,10:00,22:00,600,1320,12.0,ok
OS144,Saturday,5,10:00,22:00,600,1320,12.0,ok
OS144,Sunday,6,10:00,20:00,600,1200,10.0,ok
OS145,Monday,0,11:00,16:00,660,960,5.0,ok
OS145,Tuesday,1,11:00,16:00,660,960,5.0,ok
OS145,Wednesday,2,11:00,16:00,660,960,5.0,ok
OS145,Thursday,3,11:00,16:00,660,960,5.0,ok
OS146,Monday,0,07:30,15:00,450,900,7.5,ok
OS146,Tuesday,1,07:30,15:00,450,900,7.5,ok
OS146,Wednesday,2,07:30,15:00,450,900,7.5,ok
OS146,Thursday,3,07:30,15:00,450,900,7.5,ok
OS146,Friday,4,07:30,15:00,450,900,7.5,ok
OS147,Monday,0,11:30,14:00,690,840,2.5,ok
OS147,Tuesday,1,11:30,14:00,690,840,2.5,ok
OS147,Wednesday,2,11:30,14:00,690,840,2.5,ok
OS147,Thursday,3,11:30,14:00,690,840,2.5,ok
OS147,Friday,4,11:00,13:15,660,795,2.25,ok
OS148,Wednesday,2,08:30,11:30,510,690,3.0,ok
OS148,Friday,4,08:30,11:30,510,690,3.0,ok
OS149,Monday,0,07:15,14:30,435,870,7.25,ok
OS149,Tuesday,1,07:15,14:30,435,870,7.25,ok
OS149,Wednesday,2,07:15,14:30,435,870,7.25,ok
OS149,Thursday,3,07:15,14:30,435,870,7.25,ok
OS149,Friday,4,07:15,14:30,435,870,7.25,ok
OS150,Monday,0,07:00,15:00,420,900,8.0,ok
OS150,Tuesday,1,07:00,15:00,420,900,8.0,ok
OS150,Wednesday,2,07:00,15:00,420,900,8.0,ok
OS150,Thursday,3,07:00,15:00,420,900,8.0,ok
OS150,Friday,4,07:00,15:00,420,900,8.0,ok
OS151,Monday,0,07:55,14:30,475,870,6.583333333333333,ok
OS151,Tuesday,1,07:55,14:30,475,870,6.583333333333333,ok
OS151,Wednesday,2,07:55,14:30,475,870,6.583333333333333,ok
OS151,Thursday,3,07:55,14:30,475,870,6.583333333333333,ok
OS151,Friday,4,07:55,14:30,475,870,6.583333333333333,ok
OS152,Monday,0,16:30,23:00,990,1380,6.5,ok
OS152,Tuesday,1,16:30,23:00,990,1380,6.5,ok
OS152,Wednesday,2,16:30,23:00,990,1380,6.5,ok
OS152,Thursday,3,16:30,23:00,990,1380,6.5,ok
OS152,Friday,4,16:30,23:00,990,1380,6.5,ok
OS152,Saturday,5,10:00,23:00,600,1380,13.0,ok
OS152,Sunday,6,10:00,23:00,600,1380,13.0,ok
OS153,Monday,0,08:00,18:00,480,1080,10.0,ok
OS153,Tuesday,1,08:00,18:00,480,1080,10.0,ok
OS153,Wednesday,2,08:00,18:00,480,1080,10.0,ok
OS153,Thursday,3,08:00,18:00,480,1080,10.0,ok
OS153,Friday,4,08:00,18:00,480,1080,10.0,ok
OS153,Saturday,5,08:00,18:00,480,1080,10.0,ok
OS154,Friday,4,10:00,16:00,600,960,6.0,ok
OS155,Friday,4,17:00,23:00,1020,1380,6.0,ok
OS155,Saturday,5,12:00,23:00,720,1380,11.0,ok
OS155,Sunday,6,12:00,23:00,720,1380,11.0,ok
OS156,Monday,0,07:30,16:30,450,990,9.0,ok
OS157,Monday,0,07:30,16:30,450,990,9.0,ok
OS157,Tuesday,1,07:30,16:30,450,990,9.0,ok
OS157,Wednesday,2,07:30,16:30,450,990,9.0,ok
OS157,Thursday,3,07:30,16:30,450,990,9.0,ok
OS157,Friday,4,07:30,16:30,450,990,9.0,ok
OS158,Friday,4,16:00,00:00,960,1440,8.0,ok
OS158,Saturday,5,11:00,00:00,660,1440,13.0,ok
OS159,Monday,0,00:01,23:59,1,1439,23.966666666666665,ok
OS159,Tuesday,1,00:01,23:59,1,1439,23.966666666666665,ok
OS159,Wednesday,2,00:01,23:59,1,1439,23.966666666666665,ok
OS159,Thursday,3,00:01,23:59,1,1439,23.966666666666665,ok
OS159,Friday,4,00:01,23:59,1,1439,23.966666666666665,ok
OS159,Saturday,5,00:01,23:59,1,1439,23.966666666666665,ok
OS159,Sunday,6,00:01,23:59,1,1439,23.966666666666665,ok
OS160,Monday,0,10:00,14:00,600,840,4.0,ok
OS160,Tuesday,1,10:00,14:00,600,840,4.0,ok
OS160,Wednesday,2,10:00,14:00,600,840,4.0,ok
OS160,Thursday,3,10:00,14:00,600,840,4.0,ok
OS160,Friday,4,10:00,14:00,600,840,4.0,ok
OS161,Monday,0,10:00,15:45,600,945,5.75,ok
OS161,Tuesday,1,10:00,15:45,600,945,5.75,ok
OS161,Wednesday,2,10:00,15:45,600,945,5.75,ok
OS161,Thursday,3,10:00,15:45,600,945,5.75,ok
OS161,Friday,4,10:00,13:45,600,825,3.75,ok
OS162,Monday,0,08:00,15:00,480,900,7.0,ok
OS162,Tuesday,1,08:00,15:00,480,900,7.0,ok
OS162,Wednesday,2,08:00,15:00,480,900,7.0,ok
OS162,Thursday,3,08:00,15:00,480,900,7.0,ok
OS162,Friday,4,08:00,15:00,480,900,7.0,ok
OS163,Monday,0,08:00,16:00,480,960,8.0,ok
OS163,Tuesday,1,08:00,16:00,480,960,8.0,ok
OS163,Wednesday,2,08:00,16:00,480,960,8.0,ok
OS163,Thursday,3,08:00,16:00,480,960,8.0,ok
OS163,Friday,4,08:00,16:00,480,960,8.0,ok
OS164,Friday,4,10:00,14:00,600,840,4.0,ok
OS165,Monday,0,14:00,15:00,840,900,1.0,ok
OS165,Tuesday,1,14:00,15:00,840,900,1.0,ok
OS165,Wednesday,2,14:00,15:00,840,900,1.0,ok
OS165,Thursday,3,14:00,15:00,840,900,1.0,ok
OS165,Friday,4,14:00,15:00,840,900,1.0,ok
OS166,Monday,0,08:00,16:00,480,960,8.0,ok
OS166,Tuesday,1,08:00,16:00,480,960,8.0,ok
OS166,Wednesday,2,08:00,16:00,480,960,8.0,ok
OS166,Thursday,3,08:00,16:00,480,960,8.0,ok
OS166,Friday,4,08:00,16:00,480,960,8.0,ok
OS167,Saturday,5,11:00,16:00,660,960,5.0,ok
OS168,Monday,0,10:00,13:00,600,780,3.0,ok
OS168,Tuesday,1,10:00,13:00,600,780,3.0,ok
OS168,Wednesday,2,10:00,13:00,600,780,3.0,ok
OS168,Thursday,3,10:00,13:00,600,780,3.0,ok
OS168,Friday,4,10:00,13:00,600,780,3.0,ok
OS169,Monday,0,07:30,16:30,450,990,9.0,ok
OS169,Tuesday,1,07:30,16:30,450,990,9.0,ok
OS169,Wednesday,2,07:30,16:30,450,990,9.0,ok
OS169,Thursday,3,07:30,16:30,450,990,9.0,ok
OS169,Friday,4,07:30,16:30,450,990,9.0,ok
OS170,Saturday,5,10:00,00:00,600,1440,14.0,ok
OS170,Sunday,6,10:00,00:00,600,1440,14.0,ok
OS171,Monday,0,07:30,15:00,450,900,7.5,ok
OS171,Tuesday,1,07:30,15:00,450,900,7.5,ok
OS171,Wednesday,2,07:30,15:00,450,900,7.5,ok
OS171,Thursday,3,07:30,15:00,450,900,7.5,ok
OS171,Friday,4,07:30,15:00,450,900,7.5,ok
OS172,Saturday,5,09:00,15:00,540,900,6.0,ok
OS173,Monday,0,09:30,14:00,570,840,4.5,ok
OS173,Tuesday,1,09:30,14:00,570,840,4.5,ok
OS173,Wednesday,2,09:30,14:00,570,840,4.5,ok
OS173,Thursday,3,09:30,14:00,570,840,4.5,ok
OS173,Friday,4,09:30,14:00,570,840,4.5,ok
OS174,Saturday,5,14:00,22:00,840,1320,8.0,ok
OS174,Sunday,6,14:00,22:00,840,1320,8.0,ok
OS175,Monday,0,10:30,15:00,630,900,4.5,ok
OS175,Tuesday,1,10:30,15:00,630,900,4.5,ok
OS175,Wednesday,2,10:30,15:00,630,900,4.5,ok
OS175,Thursday,3,10:30,15:00,630,900,4.5,ok
OS175,Friday,4,10:30,15:00,630,900,4.5,ok
OS176,Monday,0,08:00,15:30,480,930,7.5,ok
OS176,Tuesday,1,08:00,15:30,480,930,7.5,ok
OS176,Wednesday,2,08:00,15:30,480,930,7.5,ok
OS176,Thursday,3,08:00,15:30,480,930,7.5,ok
OS176,Friday,4,08:00,15:30,480,930,7.5,ok
OS177,Saturday,5,10:00,17:00,600,1020,7.0,ok
OS178,Tuesday,1,16:45,23:00,1005,1380,6.25,ok
OS178,Wednesday,2,16:45,23:00,1005,1380,6.25,ok
OS178,Thursday,3,10:00,23:00,600,1380,13.0,ok
OS178,Friday,4,10:00,23:45,600,1425,13.75,ok
OS178,Saturday,5,10:00,23:45,600,1425,13.75,ok
OS178,Sunday,6,10:00,23:00,600,1380,13.0,ok
OS179,Saturday,5,07:00,19:00,420,1140,12.0,ok
OS180,Monday,0,11:15,12:45,675,765,1.5,ok
OS180,Tuesday,1,11:15,12:45,675,765,1.5,ok
OS180,Wednesday,2,11:15,12:45,675,765,1.5,ok
OS180,Thursday,3,11:15,12:45,675,765,1.5,ok
OS180,Friday,4,11:15,12:45,675,765,1.5,ok
OS181,Saturday,5,12:00,17:00,720,1020,5.0,ok
OS182,Saturday,5,11:00,18:00,660,1080,7.0,ok
OS182,Sunday,6,11:00,18:00,660,1080,7.0,ok
OS183,Monday,0,09:30,12:30,570,750,3.0,ok
OS183,Tuesday,1,09:30,12:30,570,750,3.0,ok
OS183,Wednesday,2,09:30,12:30,570,750,3.0,ok
OS183,Thursday,3,09:30,12:30,570,750,3.0,ok
OS183,Friday,4,09:30,12:30,570,750,3.0,ok
OS184,Friday,4,12:30,16:00,750,960,3.5,ok
OS185,Saturday,5,10:00,18:00,600,1080,8.0,ok
OS186,Friday,4,18:00,21:00,1080,1260,3.0,ok
OS187,Monday,0,08:15,15:35,495,935,7.333333333333333,ok
OS187,Tuesday,1,08:15,15:35,495,935,7.333333333333333,ok
OS187,Wednesday,2,08:15,15:35,495,935,7.333333333333333,ok
OS187,Thursday,3,08:15,15:35,495,935,7.333333333333333,ok
OS187,Friday,4,08:15,15:35,495,935,7.333333333333333,ok
OS188,Saturday,5,12:00,20:00,720,1200,8.0,ok
