site_id,Organization Name,Approved On Street,Borough Name,Approved From Street,Approved To Street,apprDaysWe,Status Type,Approved Monday Open,Approved Monday Close,Approved Tuesday Open,Approved Tuesday Close,Approved Wednesday Open,Approved Wednesday Close,Approved Thursday Open,Approved Thursday Close,Approved Friday Open,Approved Friday Close,Approved Saturday Open,Approved Saturday Close,Approved Sunday Open,Approved Sunday Close,apprStartD,apprEndDat,lionversion,segment_count,mapped_length_source_units,weekly_approved_hours,approved_days_per_week,invalid_time_windows,geometry_wkt
OS001,PS 5,DEISIUS STREET,Staten Island,KINGDOM AVENUE,STECHER STREET,"mon,tue,wed,thu,fri",approvedFullSchools,07:30,15:00,07:30,15:00,07:30,15:00,07:30,15:00,07:30,15:00,,,,,09/05/2024,06/27/2025,23C,1,264.932398036,37.5,5,0,"LINESTRING (-74.187383 40.530277, -74.188224 40.529935)"
OS002,"Council of Jewish Organizations of Staten Island, a project of the Igud Harabonim of America Inc",SUFFOLK AVENUE,Staten Island,HAROLD STREET,QUEEN STREET,"fri,sat,sun",approvedFull,,,,,,,,,14:00,21:00,09:00,21:00,09:00,21:00,03/29/2024,10/31/2024,23C,2,455.151321706,31.0,3,0,"MULTILINESTRING ((-74.127836 40.602878, -74.127716 40.602024), (-74.127716 40.602024, -74.127656 40.601636))"
OS003,"Council of Jewish Organizations of Staten Island, a project of the Igud Harabonim of America Inc",VERMONT COURT,Staten Island,GANSEVOORT BOULEVARD,SUFFOLK AVENUE,"fri,sat,sun",approvedFull,,,,,,,,,14:00,21:00,09:00,21:00,09:00,21:00,03/29/2024,10/31/2024,23C,1,421.392020366,31.0,3,0,"LINESTRING (-74.1262 40.602086, -74.127716 40.602024)"
OS004,New Dorp Lane Management Association,9 STREET,Staten Island,ROSE AVENUE,NEW DORP LANE,"fri,sat,sun",approvedFull,,,,,,,,,19:00,23:00,18:00,23:00,18:00,23:00,05/24/2024,11/01/2024,23C,1,448.103939286,14.0,3,0,"LINESTRING (-74.114808 40.573159, -74.115761 40.572167)"
OS005,"Merchants of third Avenue Civic improvement assoc, inc",3 AVENUE,Brooklyn,82 STREET,MARINE AVENUE,fri,approvedFull,,,,,,,,,16:00,22:00,,,,,07/19/2024,08/02/2024,23C,23,4362.742193733499,6.0,1,0,"MULTILINESTRING ((-74.03419 40.615805, -74.034538 40.614939), (-74.034146 40.615913, -74.03419 40.615805), (-74.033313 40.617945, -74.033589 40.617276), (-74.033032 40.618641, -74.033313 40.617945), (-74.032959 40.618817, -74.033032 40.618641), (-74.032752 40.619323, -74.032959 40.618817), (-74.032647 40.619579, -74.032752 40.619323), (-74.032474 40.620004, -74.032647 40.619579), (-74.032327 40.620362, -74.032474 40.620004), (-74.032195 40.620687, -74.032327 40.620362), (-74.03205 40.621041, -74.032195 40.620687), (-74.031918 40.621367, -74.03205 40.621041), (-74.031639 40.622048, -74.031918 40.621367), (-74.03136 40.622729, -74.031639 40.622048), (-74.03106 40.623463, -74.03136 40.622729), (-74.030708 40.624328, -74.03106 40.623463), (-74.030427 40.62501, -74.030708 40.624328), (-74.030149 40.625691, -74.030427 40.62501), (-74.029871 40.626373, -74.030149 40.625691), (-74.033866 40.616594, -74.0339 40.616511), (-74.0339 40.616511, -74.034146 40.615913), (-74.033589 40.617276, -74.033613 40.617219), (-74.033613 40.617219, -74.033866 40.616594))"
OS006,Merchants Of third Avenue Civic Improvement assoc. Inc,3 AVENUE,Brooklyn,68 STREET,82 STREET,fri,approvedFull,,,,,,,,,16:00,22:00,,,,,07/26/2024,08/09/2024,23C,14,3851.083556445,6.0,1,0,"MULTILINESTRING ((-74.029573 40.627104, -74.029871 40.626373), (-74.029275 40.627833, -74.029573 40.627104), (-74.028976 40.628564, -74.029275 40.627833), (-74.028678 40.629294, -74.028976 40.628564), (-74.02838 40.630023, -74.028678 40.629294), (-74.02808 40.630754, -74.02838 40.630023), (-74.027791 40.631463, -74.02808 40.630754), (-74.027507 40.632155, -74.027791 40.631463), (-74.02723 40.632836, -74.027507 40.632155), (-74.026951 40.633516, -74.02723 40.632836), (-74.02668 40.634197, -74.026951 40.633516), (-74.026379 40.634866, -74.02668 40.634197), (-74.02604 40.635741, -74.026379 40.634866), (-74.025746 40.636465, -74.02604 40.635741))"
OS007,PS 170K The Ralph A. Fabrizio School,71 STREET,Brooklyn,6 AVENUE,7 AVENUE,"mon,tue,wed,thu,fri",approvedFullSchools,14:30,15:00,14:30,15:00,14:30,15:00,14:30,15:00,14:30,15:00,,,,,09/05/2024,06/27/2025,23C,1,332.717429678,2.5,5,0,"LINESTRING (-74.019063 40.631039, -74.018123 40.630472)"
OS008,Hometown Bar B Que,REED STREET,Brooklyn,CONOVER STREET,VAN BRUNT STREET,"tue,wed,thu,fri,sat,sun",approvedFull,,,16:00,22:00,16:00,22:00,16:00,22:00,16:00,23:00,12:00,23:00,12:00,22:00,04/01/2024,12/01/2024,23C,1,454.115102858,46.0,6,0,"LINESTRING (-74.016036 40.674679, -74.017263 40.675505)"
OS009,Alliance for Coney Island,WEST 12 STREET,Brooklyn,SURF AVENUE,BOWERY,sat,approvedFull,,,,,,,,,,,10:30,19:30,,,06/29/2024,07/27/2024,23C,1,279.146182738,9.0,1,0,"LINESTRING (-73.979639 40.575537, -73.979643 40.574771)"
OS010,Federation of Italian American Organizations,BENSON AVENUE,Brooklyn,BAY 19 STREET,18 AVENUE,"mon,tue,wed,thu,fri",approvedFull,08:00,15:00,08:00,15:00,08:00,15:00,08:00,15:00,08:00,15:00,,,,,07/01/2024,08/09/2024,23C,1,168.022324909,35.0,5,0,"LINESTRING (-74.004934 40.605074, -74.004446 40.604802)"
OS011,Bet Yaakov Yesodot Hatorah,82 STREET,Brooklyn,24 AVENUE,STILLWELL AVENUE,"mon,tue,wed,thu,fri",approvedFullSchools,10:00,15:00,10:00,15:00,10:00,15:00,10:00,15:00,10:00,11:00,,,,,09/09/2024,06/18/2025,23C,1,340.382923174,21.0,5,0,"LINESTRING (-73.987025 40.601534, -73.98606 40.600958)"
OS012,PS 169 Sunset Park School,43 STREET,Brooklyn,8 AVENUE,7 AVENUE,"mon,thu,fri",approvedFullSchools,09:30,14:00,,,,,09:30,14:00,09:30,14:00,,,,,09/05/2024,06/27/2025,23C,1,778.422874359,13.5,3,0,"LINESTRING (-74.001836 40.64637, -73.999639 40.645042)"
OS013,MASJID NUR AL ISLAM,CHESTER AVENUE,Brooklyn,CHURCH AVENUE,LOUISA STREET,fri,approvedFull,,,,,,,,,12:00,15:00,,,,,03/08/2024,03/31/2025,23C,1,410.018640785,3.0,1,0,"LINESTRING (-73.983119 40.64254, -73.982445 40.641539)"
OS014,Red Hook Initiative,WEST 9 STREET,Brooklyn,HENRY STREET,HICKS STREET,"mon,tue,wed,thu,fri",approvedFull,07:00,19:00,09:00,19:00,09:00,19:00,09:00,19:00,09:00,15:00,,,,,07/01/2024,12/31/2024,23C,1,463.967848632,48.0,5,0,"LINESTRING (-74.004764 40.67671, -74.003194 40.676271)"
OS015,Living Traditions Inc.,COLUMBIA STREET,Brooklyn,HAMILTON AVENUE,WOODHULL STREET,sat,approvedFull,,,,,,,,,,,11:00,22:00,,,06/01/2024,07/13/2024,23C,1,216.27400544,11.0,1,0,"LINESTRING (-74.004301 40.681708, -74.004569 40.68115)"
OS016,Mary McDowell Friends School,SUMMIT STREET,Brooklyn,HENRY STREET,HICKS STREET,"mon,tue,wed,thu,fri",approvedFullSchools,12:30,14:30,12:30,14:30,12:30,14:30,12:30,14:30,12:30,14:30,,,,,09/09/2024,06/27/2025,23C,1,459.637057391,10.0,5,0,"LINESTRING (-74.002252 40.681893, -74.000694 40.681463)"
OS017,Park Slope Fifth Avenue BID,4 STREET,Brooklyn,5 AVENUE,DEAD END,"mon,tue,wed,thu,fri,sat,sun",approvedFull,08:00,22:00,08:00,22:00,08:00,22:00,08:00,22:00,08:00,22:00,08:00,22:00,08:00,22:00,01/08/2024,12/31/2024,23C,1,413.915290676,98.0,7,0,"LINESTRING (-73.985059 40.672787, -73.983786 40.672193)"
OS018,5th Avenue Open Streets Merchants Association,5 AVENUE,Brooklyn,PRESIDENT STREET,2 STREET,sat,approvedFull,,,,,,,,,,,11:00,22:00,,,05/04/2024,10/26/2024,23C,4,1014.0811204919999,11.0,1,0,"MULTILINESTRING ((-73.982277 40.674, -73.982781 40.673399), (-73.981775 40.674602, -73.982277 40.674), (-73.981326 40.675146, -73.981775 40.674602), (-73.980889 40.675778, -73.981326 40.675146))"
OS019,Peck Slip School,PECK SLIP,Manhattan,WATER STREET,PEARL STREET,"mon,tue,wed,thu,fri",approvedFullSchools,07:30,16:00,07:30,16:00,07:30,16:00,07:30,16:00,07:30,16:00,,,,,09/05/2024,06/27/2025,23C,1,267.377222317,42.5,5,0,"LINESTRING (-74.002503 40.708846, -74.001899 40.708273)"
OS020,The Willowtown Assocation,JORALEMON STREET,Brooklyn,HICKS STREET,FURMAN STREET,"mon,tue,wed,thu,fri,sat,sun",approvedLimited,08:00,21:00,08:00,21:00,08:00,21:00,08:00,09:00,08:00,21:00,08:00,21:00,08:00,21:00,04/15/2024,10/31/2024,23C,3,717.342465326,79.0,7,0,"MULTILINESTRING ((-73.997609 40.6936, -73.996717 40.693439), (-73.99831 40.693731, -73.997609 40.6936), (-73.999072 40.693851, -73.99831 40.693731), (-73.999236 40.693886, -73.99921 40.69388), (-73.999132 40.693861, -73.999072 40.693851), (-73.99921 40.69388, -73.999132 40.693861))"
OS021,"Chinatown District Management Association, Inc. (aka Chinatown BID)",PELL STREET,Manhattan,MOTT STREET,BOWERY,"sat,sun",approvedFull,,,,,,,,,,,09:00,23:00,09:00,21:00,04/01/2024,10/31/2024,23C,2,489.76318896,26.0,2,0,"MULTILINESTRING ((-73.998035 40.714825, -73.998867 40.714995), (-73.997165 40.714634, -73.998035 40.714825))"
OS022,MONTAGUE ST BID,MONTAGUE STREET,Brooklyn,CLINTON STREET,HICKS STREET,sun,approvedFull,,,,,,,,,,,,,10:00,19:00,05/05/2024,09/29/2024,23C,2,1011.8505748059999,9.0,1,0,"MULTILINESTRING ((-73.995855 40.695221, -73.994298 40.694792), (-73.994298 40.694792, -73.992423 40.694276))"
OS023,"Chinatown District Management Association, Inc. (aka Chinatown BID)",FORSYTH STREET,Manhattan,EAST BROADWAY,DIVISION STREET,sat,approvedFull,,,,,,,,,,,09:00,16:00,,,04/01/2024,10/31/2024,23C,1,198.793230157,7.0,1,0,"LINESTRING (-73.993945 40.713744, -73.99414 40.714269)"
OS024,PS 8 The Emily Warren Roebling School,POPLAR STREET,Brooklyn,HICKS STREET,HENRY STREET,"mon,tue,wed,thu,fri",approvedFullSchools,09:15,15:00,09:15,15:00,09:15,15:00,09:15,15:00,09:15,15:00,,,,,10/17/2024,06/27/2025,23C,1,472.564865454,28.75,5,0,"LINESTRING (-73.993054 40.701136, -73.991453 40.700691)"
OS025,Cervo's,CANAL STREET,Manhattan,ESSEX STREET,ORCHARD STREET,"mon,tue,wed,thu,fri,sat,sun",approvedFull,15:00,23:00,15:00,23:00,15:00,23:00,15:00,23:00,15:00,23:00,15:00,23:00,15:00,23:00,04/01/2024,11/29/2024,23C,2,496.65106996500003,56.0,7,0,"MULTILINESTRING ((-73.991133 40.714669, -73.99189 40.714899), (-73.99022 40.714405, -73.990755 40.714554), (-73.990755 40.714554, -73.991133 40.714669))"
OS026,Atlantic Avenue BID,HOYT STREET,Brooklyn,ATLANTIC AVENUE,STATE STREET,"fri,sat,sun",approvedFull,,,,,,,,,16:00,23:00,12:00,23:00,12:00,23:00,04/06/2024,11/03/2024,23C,1,260.548044131,29.0,3,0,"LINESTRING (-73.986568 40.688408, -73.987 40.687773)"
OS027,Downtown Brooklyn Partnership,WILLOUGHBY STREET,Brooklyn,PEARL STREET,JAY STREET,"mon,tue,wed,thu,fri",approvedFull,07:00,17:00,07:00,17:00,07:00,17:00,07:00,17:00,07:00,17:00,,,,,01/02/2024,12/31/2024,23C,1,246.472028027,50.0,5,0,"LINESTRING (-73.988186 40.692277, -73.987299 40.692234)"
OS028,Downtown Brooklyn Partnership,PEARL STREET,Brooklyn,FULTON STREET,DEAD END,"mon,tue,wed,thu,fri",approvedFull,07:00,17:00,07:00,17:00,07:00,17:00,07:00,17:00,07:00,17:00,,,,,01/02/2024,12/31/2024,23C,2,549.588557325,50.0,5,0,"MULTILINESTRING ((-73.988148 40.693311, -73.988186 40.692277), (-73.988226 40.691849, -73.98821 40.691806), (-73.988186 40.692277, -73.988226 40.691849))"
OS029,Dumbo Business Improvement District,WASHINGTON STREET,Brooklyn,FRONT STREET,WATER STREET,"mon,tue,wed,thu,fri,sat,sun",approvedFull,11:00,21:00,11:00,21:00,11:00,21:00,11:00,21:00,11:00,21:00,11:00,21:00,10:00,21:00,04/01/2024,12/31/2024,23C,1,246.748284732,71.0,7,0,"LINESTRING (-73.989583 40.7032, -73.989623 40.702523)"
OS030,Office Ho Jonot,JEFFERSON STREET,Manhattan,EAST BROADWAY,HENRY STREET,"thu,fri,sat,sun",approvedFull,,,,,,,15:00,21:00,15:00,22:00,10:00,22:00,10:00,21:00,03/01/2024,11/30/2024,23C,1,247.41273405,36.0,4,0,"LINESTRING (-73.988702 40.714186, -73.9886 40.713511)"
OS031,Brooklyn RISE Charter School,HANOVER PLACE,Brooklyn,FULTON STREET,LIVINGSTON STREET,"mon,tue,wed,thu,fri",approvedFullSchools,07:00,17:00,07:00,17:00,07:00,17:00,07:00,17:00,07:00,17:00,,,,,08/21/2024,06/27/2025,23C,2,369.668171109,50.0,5,0,"MULTILINESTRING ((-73.982416 40.688896, -73.982715 40.688459), (-73.982097 40.689358, -73.982416 40.688896))"
OS032,PS 152,EAST 23 STREET,Brooklyn,CAMPUS ROAD,GLENWOOD ROAD,"mon,tue,wed,thu,fri",approvedFullSchools,09:00,17:00,09:00,17:00,09:00,17:00,09:00,17:00,09:00,17:00,,,,,04/19/2024,06/27/2025,23C,1,469.449623053,40.0,5,0,"LINESTRING (-73.95486 40.633219, -73.954619 40.631944)"
OS033,Flatbush Development Corporation,NEWKIRK AVENUE,Brooklyn,EAST 17 STREET,CONEY ISLAND AVENUE,sun,approvedFull,,,,,,,,,,,,,11:00,20:00,05/19/2024,07/15/2024,23C,6,1833.2353211650002,9.0,1,0,"MULTILINESTRING ((-73.967185 40.633704, -73.965951 40.634266), (-73.965951 40.634266, -73.965083 40.634684), (-73.965083 40.634684, -73.964216 40.6351), (-73.962481 40.635933, -73.961583 40.636368), (-73.963349 40.635518, -73.963088 40.635643), (-73.962775 40.635793, -73.962481 40.635933), (-73.963088 40.635643, -73.962855 40.635754), (-73.962855 40.635754, -73.962775 40.635793), (-73.964216 40.6351, -73.964116 40.635148), (-73.964116 40.635148, -73.963349 40.635518))"
OS034,GrowHouse Community Design + Development Group,MARTENSE STREET,Brooklyn,BEDFORD AVENUE,FLATBUSH AVENUE,sat,approvedFull,,,,,,,,,,,12:00,22:00,,,07/20/2024,08/10/2024,23C,2,839.560986231,10.0,1,0,"MULTILINESTRING ((-73.958925 40.651212, -73.958013 40.651261), (-73.958013 40.651261, -73.955907 40.651369))"
OS035,Saint Saviour Catholic Academy,7 STREET,Brooklyn,8 AVENUE,PROSPECT PARK WEST,"mon,tue,wed,thu,fri",approvedFullSchools,11:45,13:30,11:45,13:30,11:45,13:30,11:45,13:30,11:45,13:30,,,,,09/05/2024,06/27/2025,23C,1,781.939686996,8.75,5,0,"LINESTRING (-73.978213 40.666963, -73.975831 40.665815)"
OS036,Polhemus Place Block Association,POLHEMUS PLACE,Brooklyn,CARROLL STREET,GARFIELD PLACE,sat,approvedLimited,,,,,,,,,,,10:30,16:30,,,03/09/2024,11/16/2024,23C,1,404.607973319,6.0,1,0,"LINESTRING (-73.975477 40.672869, -73.976263 40.671934)"
OS037,Prospect Heights Neighborhood Development Council,VANDERBILT AVENUE,Brooklyn,ATLANTIC AVENUE,PARK PLACE,"fri,sat,sun",approvedFull,,,,,,,,,16:00,23:00,11:00,23:00,11:00,18:00,05/03/2024,09/29/2024,23C,6,1849.264614392,26.0,3,0,"MULTILINESTRING ((-73.968859 40.677665, -73.969178 40.676785), (-73.968542 40.678543, -73.968859 40.677665), (-73.968227 40.679419, -73.968542 40.678543), (-73.967954 40.680189, -73.968227 40.679419), (-73.967678 40.680955, -73.967954 40.680189), (-73.967478 40.681586, -73.967678 40.680955), (-73.967507 40.681687, -73.967478 40.681586))"
OS038,Prospect Place Block Association 2.0,PROSPECT PLACE,Brooklyn,CLASSON AVENUE,GRAND AVENUE,sat,approvedFull,,,,,,,,,,,08:00,20:00,,,07/06/2024,07/27/2024,23C,1,893.531993868,12.0,1,0,"LINESTRING (-73.962864 40.676405, -73.959758 40.675756)"
OS039,"Bedford Stuyvesant Gateway District Management Association, Inc.",MARCY AVENUE,Brooklyn,FULTON STREET,MAC DONOUGH STREET,"thu,fri,sat",approvedFull,,,,,,,10:00,19:00,10:00,19:00,10:00,19:00,,,11/30/2024,12/22/2024,23C,1,184.182235667,27.0,3,0,"LINESTRING (-73.946287 40.680719, -73.946275 40.680213)"
OS040,Bridge Street Development Corporation,TOMPKINS AVENUE,Brooklyn,GATES AVENUE,HALSEY STREET,sun,approvedFull,,,,,,,,,,,,,11:00,20:00,06/02/2024,10/27/2024,23C,6,1620.222127431,9.0,1,0,"MULTILINESTRING ((-73.944183 40.684706, -73.944037 40.683972), (-73.943891 40.683239, -73.943745 40.682508), (-73.944328 40.685438, -73.944183 40.684706), (-73.944475 40.686171, -73.944328 40.685438), (-73.944621 40.686904, -73.944475 40.686171), (-73.94396 40.683585, -73.943891 40.683239), (-73.944037 40.683972, -73.94396 40.683585))"
OS041,NYC Department of Transportation,WILLOUGHBY AVENUE,Brooklyn,WASHINGTON PARK,WASHINGTON AVENUE,"mon,tue,wed,thu,fri,sat,sun",approvedLimited,08:00,20:00,08:00,20:00,08:00,20:00,08:00,20:00,08:00,20:00,08:00,20:00,08:00,20:00,01/10/2024,12/31/2024,23C,7,1940.820655346,84.0,7,0,"MULTILINESTRING ((-73.97354 40.691708, -73.972553 40.691679), (-73.972553 40.691679, -73.97156 40.691641), (-73.97156 40.691641, -73.970549 40.691602), (-73.970549 40.691602, -73.969521 40.691564), (-73.969521 40.691564, -73.968493 40.691545), (-73.968493 40.691545, -73.967531 40.691644), (-73.967531 40.691644, -73.966566 40.691756))"
OS042,Hall Street Block Association,HALL STREET,Brooklyn,PARK AVENUE,MYRTLE AVENUE,"mon,tue,wed,thu,fri,sat,sun",approvedLimited,08:00,19:00,08:00,19:00,08:00,19:00,08:00,19:00,08:00,19:00,08:00,19:00,08:00,19:00,03/01/2024,02/28/2025,23C,1,821.236968575,77.0,7,0,"LINESTRING (-73.966359 40.695661, -73.965905 40.693433)"
OS043,North Brooklyn Open Streets Community Coalition (NBK OSCC),BERRY STREET,Brooklyn,BROADWAY,NORTH 12 STREET,"mon,tue,wed,thu,fri,sat,sun",approvedLimited,08:00,20:00,08:00,20:00,08:00,20:00,08:00,20:00,08:00,20:00,08:00,20:00,08:00,20:00,02/01/2024,12/31/2024,23C,19,4808.666024794001,84.0,7,0,"MULTILINESTRING ((-73.965369 40.711006, -73.965492 40.710482), (-73.964463 40.712459, -73.964958 40.711678), (-73.964071 40.713079, -73.964463 40.712459), (-73.963601 40.713826, -73.964071 40.713079), (-73.963202 40.714455, -73.963601 40.713826), (-73.962778 40.715107, -73.963202 40.714455), (-73.962289 40.71558, -73.962778 40.715107), (-73.961912 40.715929, -73.962289 40.71558), (-73.961423 40.716384, -73.961912 40.715929), (-73.960792 40.716973, -73.961423 40.716384), (-73.960197 40.717528, -73.960792 40.716973), (-73.959606 40.718081, -73.960197 40.717528), (-73.959008 40.718636, -73.959606 40.718081), (-73.958416 40.719189, -73.959008 40.718636), (-73.957821 40.719741, -73.958416 40.719189), (-73.957225 40.720293, -73.957821 40.719741), (-73.95663 40.720846, -73.957225 40.720293), (-73.956038 40.721398, -73.95663 40.720846), (-73.965216 40.711261, -73.965369 40.711006), (-73.965164 40.711348, -73.965216 40.711261), (-73.964993 40.711622, -73.965046 40.711538), (-73.964958 40.711678, -73.964993 40.711622), (-73.965106 40.711434, -73.965164 40.711348), (-73.965046 40.711538, -73.965106 40.711434))"
OS044,Pizzette,GRAHAM AVENUE,Brooklyn,SCHOLES STREET,MESEROLE STREET,"sat,sun",approvedFull,,,,,,,,,,,11:00,00:00,11:00,00:00,05/01/2024,11/16/2024,23C,1,260.957236383,26.0,2,0,"LINESTRING (-73.943323 40.70807, -73.94344 40.708781)"
OS045,PS3 Charrette School,BEDFORD STREET,Manhattan,CHRISTOPHER STREET,GROVE STREET,"mon,tue,wed,thu,fri",approvedFullSchools,08:00,15:30,08:00,15:30,08:00,15:30,08:00,15:30,08:00,15:30,,,,,09/05/2024,06/27/2025,23C,1,277.589105013,37.5,5,0,"LINESTRING (-74.005463 40.732448, -74.005862 40.733147)"
OS046,Meatpacking District Management Association,GANSEVOORT STREET,Manhattan,HUDSON STREET,10 AVENUE,"wed,thu,fri,sat,sun",approvedFull,,,,,14:00,22:00,14:00,22:00,14:00,22:00,12:00,22:00,12:00,22:00,04/01/2024,12/31/2024,23C,3,1188.92891824,44.0,5,0,"MULTILINESTRING ((-74.00645 40.739404, -74.008051 40.739375), (-74.005918 40.739417, -74.00645 40.739404), (-74.00539 40.739412, -74.005918 40.739417), (-74.008051 40.739375, -74.008258 40.739376), (-74.008258 40.739376, -74.00968 40.73938))"
OS047,Meatpacking District Management Association,LITTLE WEST 12 STREET,Manhattan,9 AVENUE,WASHINGTON STREET,"wed,thu,fri,sat,sun",approvedFull,,,,,14:00,22:00,14:00,22:00,14:00,22:00,12:00,22:00,12:00,22:00,04/01/2024,12/31/2024,23C,1,507.137913625,44.0,5,0,"LINESTRING (-74.006333 40.739631, -74.00794 40.740297)"
OS048,Meatpacking District Management Association,WEST 13 STREET,Manhattan,9 AVENUE,WASHINGTON STREET,"wed,thu,fri,sat,sun",approvedFull,,,,,14:00,22:00,14:00,22:00,14:00,22:00,12:00,22:00,12:00,22:00,04/01/2024,12/31/2024,23C,1,512.377481829,44.0,5,0,"LINESTRING (-74.005864 40.740261, -74.007482 40.740942)"
OS049,RDK Restaurant Corp dba Bistro Les Amis,SPRING STREET,Manhattan,THOMPSON STREET,WEST BROADWAY,"mon,tue,wed,thu,fri,sat,sun",approvedFull,10:00,22:00,10:00,22:00,10:00,22:00,10:00,23:00,10:00,23:00,10:00,23:00,10:00,22:00,03/01/2024,12/31/2024,23C,1,224.509148057,87.0,7,0,"LINESTRING (-74.001934 40.724552, -74.002619 40.72488)"
OS050,Via Carota,GROVE STREET,Manhattan,BLEECKER STREET,7 AVENUE SOUTH,"fri,sat,sun",approvedFull,,,,,,,,,09:00,00:00,09:00,00:00,09:00,23:00,03/15/2024,12/29/2024,23C,1,283.528755719,44.0,3,0,"LINESTRING (-74.003976 40.732915, -74.003032 40.733215)"
OS051,Jeffrey's Grocery,WAVERLY PLACE,Manhattan,7 AVENUE SOUTH,CHRISTOPHER STREET,"thu,fri,sat,sun",approvedFull,,,,,,,11:00,23:00,11:00,23:00,09:00,23:00,09:00,23:00,03/14/2024,10/28/2024,23C,3,630.9488957379999,52.0,4,0,"MULTILINESTRING ((-74.001389 40.734483, -74.001574 40.735128), (-74.001205 40.733843, -74.001389 40.734483), (-74.001574 40.735128, -74.001693 40.735535))"
OS052,JST Restaurant Corp,JANE STREET,Manhattan,HUDSON STREET,8 AVENUE,"thu,fri,sat,sun",approvedFull,,,,,,,17:00,23:00,17:00,23:00,11:00,23:00,11:00,22:00,06/01/2024,11/03/2024,23C,1,392.484878283,35.0,4,0,"LINESTRING (-74.004175 40.738134, -74.005592 40.738139)"
OS053,Little Italy Merchants Association,MULBERRY STREET,Manhattan,BROOME STREET,CANAL STREET,"thu,fri,sat,sun",approvedFull,,,,,,,16:30,23:30,16:30,23:30,10:30,23:30,10:30,23:30,03/15/2024,12/31/2024,23C,3,1335.118672623,40.0,4,0,"MULTILINESTRING ((-73.998589 40.7171, -73.99793 40.718159), (-73.99793 40.718159, -73.997755 40.718444, -73.997592 40.718734, -73.997441 40.719027, -73.997303 40.719324), (-73.997303 40.719324, -73.996836 40.720504))"
OS054,Academy of St. Joseph,WASHINGTON PLACE,Manhattan,AVENUE OF THE AMERICAS,BARROW STREET,"mon,tue,wed,thu,fri",approvedFullSchools,11:10,13:10,11:10,13:10,11:10,13:10,11:10,13:10,11:10,13:10,,,,,07/01/2024,06/27/2025,23C,1,426.817193036,10.0,5,0,"LINESTRING (-74.000511 40.732315, -74.001806 40.732949)"
OS055,Little Italy Merchant Association,HESTER STREET,Manhattan,MULBERRY STREET,MOTT STREET,"thu,fri,sat,sun",approvedFull,,,,,,,16:30,23:30,16:30,23:30,10:30,23:30,10:30,23:30,03/15/2024,12/31/2024,23C,1,251.091006078,40.0,4,0,"LINESTRING (-73.997108 40.71787, -73.99793 40.718159)"
OS056,Peasant,ELIZABETH STREET,Manhattan,PRINCE STREET,SPRING STREET,"mon,tue,wed,thu,fri,sat,sun",approvedFull,16:30,23:00,16:30,23:00,16:30,23:00,16:30,23:00,16:30,23:00,11:00,23:00,11:00,23:00,04/04/2024,11/01/2024,23C,1,537.414107277,56.5,7,0,"LINESTRING (-73.994705 40.721309, -73.994153 40.722723)"
OS057,PS 42M The Benjamin Altman School,HESTER STREET,Manhattan,ORCHARD STREET,LUDLOW STREET,"mon,tue,wed,thu,fri",approvedFullSchools,07:45,14:45,07:45,14:45,07:45,14:45,07:45,14:45,07:45,14:45,,,,,09/05/2024,06/27/2025,23C,1,224.359486276,35.0,5,0,"LINESTRING (-73.990558 40.715794, -73.991309 40.716023)"
OS058,Lower East Side Partnership,ORCHARD STREET,Manhattan,GRAND STREET,DELANCEY STREET,"mon,tue,wed,thu,fri,sat,sun",approvedFull,12:00,21:00,12:00,21:00,12:00,21:00,12:00,22:00,12:00,22:00,12:00,22:00,12:00,21:00,02/23/2024,01/31/2025,23C,2,679.18134255,66.0,7,0,"MULTILINESTRING ((-73.990703 40.717201, -73.990233 40.718124), (-73.990233 40.718124, -73.989814 40.718938))"
OS059,Lower East Side Partnership,BROOME STREET,Manhattan,ALLEN STREET,LUDLOW STREET,"mon,tue,wed,thu,fri,sat,sun",approvedFull,12:00,21:00,12:00,21:00,12:00,21:00,12:00,22:00,12:00,22:00,12:00,22:00,12:00,21:00,02/23/2024,01/31/2025,23C,2,370.724771718,66.0,7,0,"MULTILINESTRING ((-73.990233 40.718124, -73.990716 40.718269), (-73.989473 40.717893, -73.990233 40.718124))"
OS060,Von Design Limited,BLEECKER STREET,Manhattan,MOTT STREET,BOWERY,"wed,thu,fri,sat,sun",approvedFull,,,,,17:00,23:00,17:00,23:00,17:00,23:00,11:00,23:00,11:00,23:00,04/01/2024,10/31/2024,23C,2,434.84239725099997,42.0,5,0,"MULTILINESTRING ((-73.993042 40.725452, -73.993757 40.725646), (-73.992278 40.725249, -73.993042 40.725452))"
OS061,Fourth Arts Block (aka FABnyc),EAST 4 STREET,Manhattan,2 AVENUE,BOWERY,thu,approvedFull,,,,,,,16:00,21:00,,,,,,,04/18/2024,10/31/2024,23C,1,674.83057396,5.0,1,0,"LINESTRING (-73.991552 40.727094, -73.989429 40.726187)"
OS062,Lower East Side Partnership,BROOME STREET,Manhattan,ESSEX STREET,NORFOLK STREET,sun,approvedFull,,,,,,,,,,,,,08:00,20:00,02/01/2024,01/31/2025,23C,1,236.174404099,12.0,1,0,"LINESTRING (-73.987879 40.717409, -73.98867 40.71765)"
OS063,Lower East Side Partnership,ORCHARD STREET,Manhattan,DELANCEY STREET,EAST HOUSTON STREET,sun,approvedFull,,,,,,,,,,,,,08:00,18:00,02/04/2024,01/26/2025,23C,3,1382.732469515,10.0,1,0,"MULTILINESTRING ((-73.989113 40.720307, -73.988523 40.721462), (-73.988523 40.721462, -73.987902 40.722627), (-73.989733 40.719096, -73.989628 40.719301), (-73.989628 40.719301, -73.989113 40.720307))"
OS064,More Gardens! Fund,STANTON STREET,Manhattan,ESSEX STREET,NORFOLK STREET,sun,approvedFull,,,,,,,,,,,,,10:00,18:00,07/01/2024,10/31/2024,23C,1,236.059102644,8.0,1,0,"LINESTRING (-73.98695 40.720983, -73.986158 40.720745)"
OS065,NYCDOE/Washington Irving Educational Campus,IRVING PLACE,Manhattan,EAST 16 STREET,EAST 17 STREET,"mon,tue,wed,thu,fri",approvedFullSchools,07:00,16:30,07:00,16:30,07:00,16:30,07:00,16:30,07:00,16:30,,,,,09/05/2024,06/27/2025,23C,2,489.225744016,47.5,5,0,"LINESTRING (-73.987816 40.735292, -73.987387 40.735879)"
OS066,St. Marks Business Coalition,ST MARKS PLACE,Manhattan,1 AVENUE,AVENUE A,"fri,sat,sun",approvedFull,,,,,,,,,16:30,23:00,11:30,23:00,11:30,22:00,04/01/2024,12/01/2024,23C,1,697.830910494,28.5,3,0,"LINESTRING (-73.985294 40.727593, -73.983091 40.726666)"
OS067,Friends Seminary,RUTHERFORD PLACE,Manhattan,EAST 17 STREET,EAST 15 STREET,"mon,tue,wed,thu,fri",approvedFullSchools,07:30,15:30,07:30,15:30,07:30,15:30,07:30,15:30,07:30,15:30,,,,,08/01/2024,07/31/2025,23C,2,510.832805409,40.0,5,0,"MULTILINESTRING ((-73.984772 40.734012, -73.985242 40.733372), (-73.98436 40.734603, -73.984772 40.734012))"
OS068,Loisaida Open Streets Community Coalition,AVENUE B,Manhattan,EAST 7 STREET,EAST 10 STREET,"mon,tue,wed,thu,fri,sat,sun",approvedLimited,08:00,20:00,08:00,20:00,08:00,20:00,08:00,20:00,08:00,20:00,08:00,20:00,08:00,20:00,02/01/2024,01/31/2025,23C,3,746.709107462,84.0,7,0,"MULTILINESTRING ((-73.981211 40.725073, -73.980758 40.725678), (-73.980758 40.725678, -73.980608 40.725891), (-73.980608 40.725891, -73.980528 40.726003), (-73.980528 40.726003, -73.980333 40.72628), (-73.980333 40.72628, -73.98017 40.726504), (-73.98017 40.726504, -73.979907 40.726866))"
OS069,West 21 Street Open Street Coalition,WEST 21 STREET,Manhattan,9 AVENUE,10 AVENUE,"mon,tue,wed,thu,fri,sat,sun",approvedLimited,08:00,20:00,08:00,20:00,08:00,20:00,08:00,20:00,08:00,20:00,08:00,20:00,08:00,20:00,02/01/2024,02/01/2025,23C,1,900.08476021,84.0,7,0,"LINESTRING (-74.002265 40.745207, -74.005107 40.746403)"
OS070,34th Street Partnership,BROADWAY,Manhattan,WEST 35 STREET,WEST 36 STREET,"mon,tue,wed,thu,fri,sat,sun",approvedFull,00:00,23:59,00:00,23:59,00:00,23:59,00:00,23:59,00:00,23:59,00:00,23:59,00:00,23:59,12/06/2024,01/03/2025,23C,1,278.856062626,167.88333333333333,7,0,"LINESTRING (-73.987779 40.750661, -73.987645 40.751419)"
OS071,Columbus Avenue Business Improvement District,COLUMBUS AVENUE,Manhattan,WEST 68 STREET,WEST 77 STREET,sun,approvedFull,,,,,,,,,,,,,10:00,20:00,05/05/2024,06/23/2024,23C,9,2417.6433317339997,10.0,1,0,"MULTILINESTRING ((-73.98066 40.774852, -73.980209 40.77548), (-73.980209 40.77548, -73.979746 40.776112), (-73.979746 40.776112, -73.979287 40.776725), (-73.979287 40.776725, -73.978799 40.777413), (-73.978799 40.777413, -73.978292 40.778096), (-73.978292 40.778096, -73.977833 40.778731), (-73.977833 40.778731, -73.977368 40.779364), (-73.977368 40.779364, -73.976903 40.779997), (-73.976903 40.779997, -73.976663 40.780329), (-73.976663 40.780329, -73.976417 40.780651))"
OS072,Columbus Avenue Business Improvement District,COLUMBUS AVENUE,Manhattan,WEST 68 STREET,WEST 77 STREET,sun,approvedFull,,,,,,,,,,,,,10:00,20:00,09/15/2024,10/27/2024,23C,9,2417.6433317339997,10.0,1,0,"MULTILINESTRING ((-73.98066 40.774852, -73.980209 40.77548), (-73.980209 40.77548, -73.979746 40.776112), (-73.979746 40.776112, -73.979287 40.776725), (-73.979287 40.776725, -73.978799 40.777413), (-73.978799 40.777413, -73.978292 40.778096), (-73.978292 40.778096, -73.977833 40.778731), (-73.977833 40.778731, -73.977368 40.779364), (-73.977368 40.779364, -73.976903 40.779997), (-73.976903 40.779997, -73.976663 40.780329), (-73.976663 40.780329, -73.976417 40.780651))"
OS073,North Brooklyn Open Streets Community Coalition,BEDFORD AVENUE,Brooklyn,LORIMER STREET,MANHATTAN AVENUE,"mon,tue,wed,thu,fri,sat,sun",approvedFull,07:00,20:00,07:00,20:00,07:00,20:00,07:00,20:00,07:00,20:00,07:00,20:00,07:00,20:00,04/20/2024,11/30/2024,23C,1,289.830392903,91.0,7,0,"LINESTRING (-73.950978 40.724097, -73.951646 40.723486)"
OS074,Fifth Avenue Association,5 AVENUE,Manhattan,EAST 48 STREET,EAST 57 STREET,sun,approvedFull,,,,,,,,,,,,,09:00,20:00,12/08/2024,12/08/2024,23C,9,2367.7580216849997,11.0,1,0,"MULTILINESTRING ((-73.978116 40.757284, -73.977655 40.757911), (-73.977655 40.757911, -73.9772 40.758538), (-73.9772 40.758538, -73.976745 40.759165), (-73.976745 40.759165, -73.976289 40.759787), (-73.976289 40.759787, -73.97583 40.760419), (-73.97583 40.760419, -73.975374 40.76104), (-73.975374 40.76104, -73.974915 40.761667), (-73.974915 40.761667, -73.974457 40.762293), (-73.974457 40.762293, -73.973968 40.762967))"
OS075,The Nightingale Bamford School,EAST 92 STREET,Manhattan,5 AVENUE,MADISON AVENUE,"mon,tue,wed,thu,fri",approvedFullSchools,09:00,14:30,09:00,14:30,09:00,14:30,09:00,14:30,09:00,14:30,,,,,09/05/2024,06/27/2025,23C,1,507.821982814,27.5,5,0,"LINESTRING (-73.957636 40.785343, -73.956031 40.78467)"
OS076,PS 290 The Manhattan New School,EAST 82 STREET,Manhattan,2 AVENUE,1 AVENUE,"mon,tue,wed,thu,fri",approvedFullSchools,08:00,15:00,08:00,15:00,08:00,15:00,08:00,15:00,08:00,15:00,,,,,09/05/2024,06/27/2025,23C,1,749.529938613,35.0,5,0,"LINESTRING (-73.953628 40.775291, -73.951262 40.774292)"
OS077,Lenape Bloemendael DMA dba Columbus Amsterdam Business Improvement District,AMSTERDAM AVENUE,Manhattan,WEST 106 STREET,CATHEDRAL PARKWAY,"sat,sun",approvedFull,,,,,,,,,,,11:00,19:00,12:00,18:00,04/20/2024,11/10/2024,23C,4,1056.006710254,14.0,2,0,"MULTILINESTRING ((-73.965215 40.801111, -73.964759 40.801742), (-73.964759 40.801742, -73.964301 40.802373), (-73.964301 40.802373, -73.963861 40.802972), (-73.965711 40.800437, -73.965436 40.800812), (-73.965436 40.800812, -73.965405 40.800855), (-73.965405 40.800855, -73.965215 40.801111))"
OS078,Frederick Douglass Boulevard Alliance,FREDERICK DOUGLASS BOULEVARD,Manhattan,WEST 112 STREET,WEST 121 STREET,"sat,sun",approvedFull,,,,,,,,,,,12:00,22:00,12:01,21:00,06/15/2024,10/06/2024,23C,9,2396.456385112,18.983333333333334,2,0,"MULTILINESTRING ((-73.957237 40.801858, -73.956778 40.802487), (-73.956778 40.802487, -73.956321 40.803115), (-73.956321 40.803115, -73.955863 40.803744), (-73.955863 40.803744, -73.955368 40.80442), (-73.955368 40.80442, -73.954875 40.805097), (-73.954875 40.805097, -73.954416 40.805725), (-73.954416 40.805725, -73.953957 40.806353), (-73.953957 40.806353, -73.9535 40.806981), (-73.9535 40.806981, -73.95304 40.807611))"
OS079,Harlem Mothers Stop Another Violent End,WEST 128 STREET,Manhattan,FREDERICK DOUGLASS BOULEVARD,ST NICHOLAS AVENUE,"tue,wed",approvedFull,,,09:30,17:00,09:30,17:00,,,,,,,,,07/02/2024,08/30/2024,23C,1,366.82249151,15.0,2,0,"LINESTRING (-73.949758 40.812104, -73.950929 40.812575)"
OS080,Harlem One Stop Inc,WEST 142 STREET,Manhattan,AMSTERDAM AVENUE,HAMILTON PLACE,sat,approvedFull,,,,,,,,,,,11:00,18:30,,,06/22/2024,08/31/2024,23C,1,217.521338996,7.5,1,0,"LINESTRING (-73.949006 40.823314, -73.949693 40.823604)"
OS081,Riverdale Avenue Community School,STRAUSS STREET,Brooklyn,RIVERDALE AVENUE,NEWPORT STREET,fri,approvedFullSchools,,,,,,,,,07:30,16:30,,,,,09/05/2024,06/27/2025,23C,1,570.216026575,9.0,1,0,"LINESTRING (-73.914131 40.660181, -73.913736 40.658645)"
OS082,The 700 Jefferson Avenue Block Association,JEFFERSON AVENUE,Brooklyn,MALCOLM X BOULEVARD,PATCHEN AVENUE,"fri,sat,sun",approvedFull,,,,,,,,,12:00,21:00,12:00,21:00,12:00,21:00,01/13/2024,12/31/2024,23C,1,817.573551544,27.0,3,0,"LINESTRING (-73.929591 40.685635, -73.926676 40.685971)"
OS083,NYC Department of Health and Mental Hygiene,BRISTOL STREET,Brooklyn,DUMONT AVENUE,BLAKE AVENUE,fri,approvedLimited,,,,,,,,,14:00,16:00,,,,,04/22/2024,09/23/2024,23C,1,570.047596659,2.0,1,0,"LINESTRING (-73.911559 40.66535, -73.911166 40.663814)"
OS084,Justice Innovation Inc. d/b/a Center for Justice Innovation (Brownsville Community Justice Center),THATFORD AVENUE,Brooklyn,BELMONT AVENUE,DEAD END,"mon,tue,wed,thu,fri",approvedFull,11:00,17:00,11:00,17:00,11:00,17:00,11:00,17:00,11:00,17:00,,,,,03/18/2024,12/18/2024,23C,1,128.64205526,30.0,5,0,"LINESTRING (-73.909475 40.668561, -73.909391 40.668213)"
OS085,Justice Innovation Inc. d/b/a Center for Justice Innovation (Brownsville Community Justice Center),WATKINS STREET,Brooklyn,BELMONT AVENUE,DEAD END,"mon,tue,wed,thu,fri",approvedFull,11:00,17:00,11:00,17:00,11:00,17:00,11:00,17:00,11:00,17:00,,,,,03/18/2024,12/18/2024,23C,1,128.626728207,30.0,5,0,"LINESTRING (-73.907638 40.668831, -73.907548 40.668485)"
OS086,Sharon Street Block Association,SHARON STREET,Brooklyn,OLIVE STREET,MORGAN AVENUE,"mon,tue,wed,thu,fri,sat,sun",approvedLimited,08:00,20:00,08:00,20:00,08:00,20:00,08:00,20:00,08:00,20:00,08:00,20:00,08:00,20:00,02/01/2024,12/31/2024,23C,1,855.752080229,84.0,7,0,"LINESTRING (-73.938696 40.715324, -73.935614 40.715191)"
OS087,Troutman Street Open Street Coalition,TROUTMAN STREET,Brooklyn,IRVING AVENUE,ST NICHOLAS AVENUE,"sat,sun",approvedFull,,,,,,,,,,,10:00,22:00,10:00,22:00,04/22/2024,10/31/2024,23C,2,1293.297443315,24.0,2,0,"MULTILINESTRING ((-73.924586 40.704825, -73.922863 40.706576), (-73.922863 40.706576, -73.921766 40.707652))"
OS088,Public School 273Q,88 AVENUE,Queens,102 STREET,104 STREET,"mon,tue,wed,thu,fri",approvedFullSchools,11:00,13:45,11:00,13:45,11:00,13:45,11:00,13:45,11:00,13:45,,,,,09/05/2024,06/27/2025,23C,1,511.054922439,13.75,5,0,"LINESTRING (-73.844701 40.693726, -73.842975 40.694217)"
OS089,JAMROCK JERK LLC,141 STREET,Queens,109 AVENUE,LAKEWOOD AVENUE,"fri,sat,sun",approvedFull,,,,,,,,,16:00,23:59,12:00,23:59,12:00,23:59,04/27/2024,10/31/2024,23C,1,181.755126001,31.95,3,0,"LINESTRING (-73.805722 40.687827, -73.805292 40.68745)"
OS090,HOOD WORKS INC,156 STREET,Queens,108 AVENUE,107 AVENUE,"mon,tue,wed,thu,fri,sat",approvedLimited,10:00,16:00,10:00,16:00,10:00,16:00,10:00,16:00,10:00,16:00,11:00,17:00,,,06/01/2024,09/28/2024,23C,1,660.467841516,36.0,6,0,"LINESTRING (-73.797481 40.696002, -73.796323 40.694418)"
OS091,Downtown Jamaica Partnership,165 STREET,Queens,JAMAICA AVENUE,89 AVENUE,"mon,tue,wed,thu,fri,sat,sun",approvedFull,12:00,18:00,12:00,18:00,12:00,18:00,12:00,18:00,12:00,18:00,12:00,18:00,12:00,18:00,05/01/2024,12/31/2024,23C,1,913.593477042,42.0,7,0,"LINESTRING (-73.796317 40.707723, -73.794895 40.705461)"
OS092,Kesher Bridging Communities,READS LANE,Queens,CORNAGA AVENUE,MEEHAN AVENUE,"fri,sat,sun",approvedLimited,,,,,,,,,15:30,19:00,08:00,20:00,12:00,16:00,01/01/2024,12/31/2024,23C,8,1948.648683554,19.5,3,0,"MULTILINESTRING ((-73.741729 40.602296, -73.742221 40.602833), (-73.738576 40.599683, -73.739151 40.600224), (-73.740856 40.601564, -73.741035 40.601658, -73.741203 40.601765, -73.741359 40.601884, -73.7415 40.602013, -73.741623 40.602151, -73.741729 40.602296), (-73.740299 40.601219, -73.740856 40.601564), (-73.739723 40.600754, -73.740299 40.601219), (-73.739151 40.600224, -73.739723 40.600754), (-73.742609 40.603343, -73.74309 40.603853), (-73.742307 40.602925, -73.742288 40.602976), (-73.742288 40.602976, -73.742609 40.603343))"
OS093,PS 134Q: Langston Hughes School,109 AVENUE,Queens,203 STREET,204 STREET,"mon,tue,wed,thu,fri",approvedFullSchools,10:00,14:00,10:00,14:00,10:00,14:00,10:00,14:00,10:00,14:00,,,,,09/05/2024,06/27/2025,23C,1,259.277500616,20.0,5,0,"LINESTRING (-73.755417 40.707964, -73.754525 40.708177)"
OS094,LaGuardia Community College,29 STREET,Queens,47 AVENUE,SKILLMAN AVENUE,"mon,tue,wed,thu,fri",approvedFull,08:00,20:00,08:00,20:00,08:00,20:00,08:00,20:00,08:00,20:00,,,,,05/01/2024,11/01/2024,23C,1,606.926158791,60.0,5,0,"LINESTRING (-73.938258 40.745068, -73.93857 40.74342)"
OS095,Our World Neighborhood Charter School,37 STREET,Queens,36 AVENUE,35 AVENUE,"mon,tue,wed,thu,fri",approvedFullSchools,10:00,13:15,10:00,13:15,10:00,13:15,10:00,13:15,10:00,13:15,,,,,09/05/2024,06/27/2025,23C,1,660.305742571,16.25,5,0,"LINESTRING (-73.923704 40.75588, -73.924954 40.754337)"
OS096,31st Ave Open Street Collective,31 AVENUE,Queens,33 STREET,35 STREET,"sat,sun",approvedFull,,,,,,,,,,,12:00,20:00,12:00,20:00,04/06/2024,12/29/2024,23C,2,520.2401152919999,16.0,2,0,"MULTILINESTRING ((-73.92188 40.763574, -73.921081 40.763199), (-73.921081 40.763199, -73.920283 40.762823))"
OS097,Salsa Stories,EAST 115 STREET,Manhattan,PLEASANT AVENUE,1 AVENUE,sat,approvedFull,,,,,,,,,,,17:00,21:00,,,07/20/2024,08/24/2024,23C,1,713.716691974,4.0,1,0,"LINESTRING (-73.935912 40.795312, -73.933647 40.794377)"
OS098,The Young Women’s Leadership School of Astoria,NEWTOWN AVENUE,Queens,23 STREET,CRESCENT STREET,"mon,tue,wed,thu,fri",approvedFullSchools,07:30,16:30,07:30,16:30,07:30,16:30,07:30,16:30,07:30,16:30,,,,,03/11/2024,06/27/2025,23C,1,464.245154284,45.0,5,0,"LINESTRING (-73.924783 40.771355, -73.923634 40.770428)"
OS099,The Young Women’s Leadership School of Astoria,23 STREET,Queens,NEWTOWN AVENUE,ASTORIA BOULEVARD,"mon,tue,wed,thu,fri",approvedFullSchools,10:00,14:30,10:00,14:30,10:00,14:30,10:00,14:30,10:00,14:30,,,,,04/01/2024,06/27/2025,23C,1,180.316548821,22.5,5,0,"LINESTRING (-73.924441 40.771776, -73.924783 40.771355)"
OS100,Global Community Charter School,WEST 142 STREET,Manhattan,CHISUM PLACE,5 AVENUE,"mon,tue,wed,thu,fri",approvedFullSchools,10:30,15:00,10:30,15:00,10:30,15:00,10:30,15:00,10:30,15:00,,,,,09/05/2024,06/27/2025,23C,1,471.518331073,22.5,5,0,"LINESTRING (-73.934454 40.817189, -73.93596 40.817793)"
OS101,I Challenge Myself,RAE STREET,Bronx,ST ANNS AVENUE,DEAD END,sat,approvedFull,,,,,,,,,,,12:00,15:00,,,05/04/2024,05/25/2024,23C,1,273.432501832,3.0,1,0,"LINESTRING (-73.912352 40.81751, -73.911381 40.817373)"
OS102,I Challenge Myself,RAE STREET,Bronx,DEAD END,ST ANNS AVENUE,"mon,tue,wed,thu,fri",approvedLimited,14:00,16:00,14:00,16:00,14:00,16:00,14:00,16:00,14:00,16:00,,,,,07/08/2024,08/02/2024,23C,1,273.432501832,10.0,5,0,"LINESTRING (-73.912352 40.81751, -73.911381 40.817373)"
OS103,PS/MS 5 Port Morris School of Community Leadership,EAST 150 STREET,Bronx,CONCORD AVENUE,WALES AVENUE,"mon,tue,wed,thu,fri",approvedFullSchools,08:00,16:00,08:00,16:00,08:00,16:00,08:00,16:00,08:00,16:00,,,,,03/01/2024,06/27/2025,23C,1,258.28226138,40.0,5,0,"LINESTRING (-73.907868 40.813834, -73.906966 40.813652)"
OS104,PS 528 Bea Fuller Rogers School,WADSWORTH AVENUE,Manhattan,WEST 182 STREET,WEST 183 STREET,"mon,tue,wed,thu,fri",approvedFullSchools,10:00,13:30,10:00,13:30,10:00,13:30,10:00,13:30,10:00,13:30,,,,,04/01/2024,06/27/2025,23C,1,252.416327138,17.5,5,0,"LINESTRING (-73.934544 40.850417, -73.934099 40.851021)"
OS105,Futures Ignite,WEST 182 STREET,Manhattan,AMSTERDAM AVENUE,AUDUBON AVENUE,"wed,fri",approvedFullSchools,,,,,08:00,17:00,,,08:00,17:00,,,,,04/01/2024,10/25/2024,23C,1,458.838780937,18.0,2,0,"LINESTRING (-73.930467 40.848697, -73.931917 40.849309)"
OS106,WHEDCo/P.S./I.S. 218,WALTON AVENUE,Bronx,EAST 167 STREET,EAST 168 STREET,"mon,tue,wed,thu",approvedFull,11:30,17:00,11:30,17:00,11:30,17:00,11:30,17:00,,,,,,,07/02/2024,08/16/2024,23C,1,566.975411825,22.0,4,0,"LINESTRING (-73.919455 40.8351, -73.918412 40.836439)"
OS107,New Settlement,GOBLE PLACE,Bronx,JEROME AVENUE,INWOOD AVENUE,sat,approvedFull,,,,,,,,,,,09:00,17:00,,,04/20/2024,06/15/2024,23C,1,348.714221481,8.0,1,0,"LINESTRING (-73.916556 40.843822, -73.915447 40.843368)"
OS108,Connectemonos,AUDUBON AVENUE,Manhattan,WEST 189 STREET,WEST 190 STREET,"wed,thu,fri",approvedFull,,,,,11:00,17:00,11:00,17:00,11:00,17:00,,,,,07/10/2024,08/09/2024,23C,1,249.367233657,18.0,3,0,"LINESTRING (-73.928691 40.853723, -73.928254 40.854321)"
OS109,Community League of the Heights (CLOTH),ACADEMY STREET,Manhattan,BROADWAY,VERMILYEA AVENUE,"mon,tue,wed,thu,fri",approvedFull,08:00,16:00,08:00,16:00,08:00,16:00,08:00,16:00,08:00,16:00,,,,,07/08/2024,08/16/2024,23C,1,393.17947635,40.0,5,0,"LINESTRING (-73.924384 40.865365, -73.925004 40.866337)"
OS110,Muscota New School/Amistad,ACADEMY STREET,Manhattan,BROADWAY,VERMILYEA AVENUE,"mon,tue,wed,thu,fri",approvedFullSchools,10:00,13:30,10:00,13:30,10:00,13:30,10:00,13:30,10:00,13:30,,,,,09/05/2024,06/27/2025,23C,1,393.17947635,17.5,5,0,"LINESTRING (-73.924384 40.865365, -73.925004 40.866337)"
OS111,School in the Square,COOPER STREET,Manhattan,WEST 207 STREET,ISHAM STREET,"mon,tue,fri",approvedFullSchools,10:00,13:00,10:00,13:00,,,,,10:00,13:00,,,,,07/01/2024,06/27/2025,23C,1,430.089003553,9.0,3,0,"LINESTRING (-73.921726 40.868497, -73.92032 40.869)"
OS112,P.S. 012 James B. Colgate,72 STREET,Queens,WOODSIDE AVENUE,43 AVENUE,"mon,tue,wed,thu,fri",approvedFullSchools,07:30,14:30,07:30,14:30,07:30,14:30,07:30,14:30,07:30,14:30,,,,,09/05/2024,06/27/2025,23C,1,262.40248255,35.0,5,0,"LINESTRING (-73.892821 40.742741, -73.89266 40.742031)"
OS113,"Korean Art Forum, Inc (aka. Korea Art Forum)",62 STREET,Queens,WOODSIDE AVENUE,DEAD END,sun,approvedFull,,,,,,,,,,,,,12:00,18:00,03/31/2024,04/21/2024,23C,1,168.327470091,6.0,1,0,"LINESTRING (-73.902428 40.74507, -73.902626 40.744633)"
OS114,Thai Community USA NYC,WOODSIDE AVENUE,Queens,76 STREET,79 STREET,sat,approvedFull,,,,,,,,,,,11:30,19:30,,,04/20/2024,11/02/2024,23C,3,750.4135539690001,8.0,1,0,"MULTILINESTRING ((-73.88887 40.743399, -73.887987 40.743548), (-73.887987 40.743548, -73.887098 40.743676), (-73.887098 40.743676, -73.886208 40.743775))"
OS115,PS89Q: The Jose Peralta School of Dreamers (24Q089),BRITTON AVENUE,Queens,HAMPTON STREET,GLEANE STREET,"mon,tue,wed,thu,fri",approvedFullSchools,07:45,14:10,07:45,14:10,07:45,14:10,07:45,14:10,07:45,14:10,,,,,07/05/2024,06/27/2025,23C,3,767.944120677,32.083333333333336,5,0,"LINESTRING (-73.880284 40.745835, -73.879818 40.746442)"
OS116,Moving Up Children Center,94 STREET,Queens,BENHAM STREET,40 DRIVE,"mon,tue,wed,thu,fri",approvedFullSchools,08:00,12:00,08:00,12:00,08:00,12:00,08:00,12:00,08:00,12:00,,,,,09/05/2024,06/27/2025,23C,1,183.091180888,20.0,5,0,"LINESTRING (-73.872068 40.747481, -73.871964 40.746984)"
OS117,Leaders In Our Neighborhood Charter School,LONGFELLOW AVENUE,Bronx,LAFAYETTE AVENUE,SPOFFORD AVENUE,"mon,tue,wed,thu,fri",approvedFullSchools,11:00,13:00,11:00,13:00,11:00,13:00,11:00,13:00,11:00,13:00,,,,,09/05/2024,06/27/2025,23C,1,849.810437613,10.0,5,0,"LINESTRING (-73.884642 40.814782, -73.88524 40.81707)"
OS118,Caldwell Enrichment Program Inc.,JENNINGS STREET,Bronx,PROSPECT AVENUE,CHISHOLM STREET,"mon,tue,wed,thu,fri,sat",approvedFull,11:00,19:00,11:00,19:00,11:00,19:00,11:00,19:00,11:00,19:00,13:00,19:00,,,06/08/2024,10/31/2024,23C,1,228.944896631,46.0,6,0,"LINESTRING (-73.896692 40.831966, -73.895872 40.832048)"
OS119,PS 59 Community School of Technology,BATHGATE AVENUE,Bronx,EAST 182 STREET,EAST 181 STREET,mon,approvedFullSchools,07:30,16:30,,,,,,,,,,,,,09/05/2024,06/27/2025,23C,1,603.261351876,9.0,1,0,"LINESTRING (-73.894318 40.851891, -73.893071 40.85325)"
OS120,P.S. 32 The Belmont School,BEAUMONT AVENUE,Bronx,EAST 183 STREET,GROTE STREET,tue,approvedFullSchools,,,08:00,16:00,,,,,,,,,,,03/01/2024,06/27/2025,23C,1,317.226494344,8.0,1,0,"LINESTRING (-73.885951 40.851184, -73.885543 40.851998)"
OS121,I AM MY COMMUNITY INC,EVELYN PLACE,Bronx,GRAND AVENUE,AQUEDUCT AVENUE EAST,"mon,tue,wed,thu,fri,sat,sun",approvedFull,08:00,21:00,08:00,21:00,08:00,21:00,08:00,21:00,08:00,21:00,08:00,21:00,08:00,21:00,05/11/2024,11/30/2024,23C,1,280.375172245,91.0,7,0,"LINESTRING (-73.90533 40.859644, -73.906252 40.859962)"
OS122,Public School 363 (10X363/APLE),FIELD PLACE,Bronx,CRESTON AVENUE,MORRIS AVENUE,"mon,tue,wed,thu,fri",approvedFullSchools,07:30,16:30,07:30,16:30,07:30,16:30,07:30,16:30,07:30,16:30,,,,,09/05/2024,06/27/2025,23C,1,294.248164548,45.0,5,0,"LINESTRING (-73.901162 40.859349, -73.900192 40.859016)"
OS123,Decatur Block Association,DECATUR AVENUE,Bronx,EAST 194 STREET,EAST 195 STREET,"wed,thu,fri",approvedFull,,,,,10:00,16:30,10:00,16:30,10:00,16:30,,,,,06/01/2024,08/24/2024,23C,1,582.539521483,19.5,3,0,"LINESTRING (-73.890162 40.863476, -73.888896 40.864754)"
OS124,I.S.61Q Leonardo Da Vinci,50 AVENUE,Queens,99 STREET,98 STREET,"mon,tue,wed,thu,fri",approvedFullSchools,07:50,15:30,07:50,15:30,07:50,15:30,07:50,15:30,07:50,15:30,,,,,09/05/2024,06/27/2025,23C,1,531.342069073,38.333333333333336,5,0,"LINESTRING (-73.864241 40.742456, -73.86241 40.74289)"
OS125,PS14Q Fairview School,VAN DOREN STREET,Queens,OTIS AVENUE,MARTENSE AVENUE,"mon,tue,wed,thu,fri",approvedFullSchools,07:30,15:15,07:30,15:15,07:30,15:15,07:30,15:15,07:30,15:15,,,,,09/05/2024,06/27/2025,23C,1,466.169604233,38.75,5,0,"LINESTRING (-73.855724 40.740957, -73.854175 40.740456)"
OS126,PS14Q Fairview School,OTIS AVENUE,Queens,VAN DOREN STREET,108 STREET,"mon,tue,wed,thu,fri",approvedFullSchools,07:30,15:15,07:30,15:15,07:30,15:15,07:30,15:15,07:30,15:15,,,,,09/05/2024,06/27/2025,23C,1,256.316805361,38.75,5,0,"LINESTRING (-73.854175 40.740456, -73.853813 40.741104)"
OS127,PS 129,9 AVENUE,Queens,128 STREET,129 STREET,"mon,tue,wed,thu,fri",approvedFullSchools,07:30,16:30,07:30,04:30,07:30,16:30,07:30,16:30,07:30,16:30,,,,,03/08/2024,06/27/2025,23C,1,253.926846929,36.0,4,1,"LINESTRING (-73.84 40.789252, -73.839084 40.789221)"
OS128,Frontline Nutrition Services,BOLTON AVENUE,Bronx,LAFAYETTE AVENUE,STORY AVENUE,sat,approvedFull,,,,,,,,,,,11:00,18:00,,,08/03/2024,08/24/2024,23C,1,811.804700968,7.0,1,0,"LINESTRING (-73.859262 40.821882, -73.859784 40.824074)"
OS129,P.S. 83 The Donald Hertz School,RHINELANDER AVENUE,Bronx,BOGART AVENUE,RADCLIFF AVENUE,"mon,tue,wed,thu,fri",approvedFullSchools,10:00,14:00,10:00,14:00,10:00,14:00,10:00,14:00,10:00,14:00,,,,,09/05/2024,06/27/2025,23C,1,259.942169485,20.0,5,0,"LINESTRING (-73.859425 40.849324, -73.858617 40.849688)"
OS130,PS201 Q,155 STREET,Queens,65 AVENUE,DEAD END,"mon,tue,wed,thu,fri",approvedFullSchools,07:30,17:30,07:30,17:30,07:30,17:30,07:30,17:30,07:30,17:30,,,,,02/05/2024,06/28/2024,23C,1,329.221163277,50.0,5,0,"LINESTRING (-73.81333 40.737102, -73.813387 40.7362)"
OS131,P.S. 120 Queens,136 STREET,Queens,58 AVENUE,58 ROAD,"mon,tue,wed,thu,fri",approvedFullSchools,08:30,13:45,08:30,13:45,08:30,13:45,08:30,13:45,08:30,13:45,,,,,01/01/2024,06/27/2025,23C,1,257.498583692,26.25,5,0,"LINESTRING (-73.829301 40.745633, -73.829418 40.744932)"
OS132,Asian American Federation,BARTON AVENUE,Queens,149 PLACE,150 STREET,"fri,sat,sun",approvedFull,,,,,,,,,09:00,23:00,09:00,23:00,09:00,21:00,03/15/2024,11/15/2024,23C,1,254.18935055,40.0,3,0,"LINESTRING (-73.815017 40.76285, -73.814152 40.763083)"
OS133,ADDISLEIGH PARK CIVIC ORGANIZATION,110 AVENUE,Queens,180 STREET,DEAD END,"mon,tue,wed,thu,fri,sat,sun",approvedFull,10:00,19:00,10:00,19:00,10:00,19:00,10:00,19:00,10:00,19:00,09:00,17:00,12:00,18:00,06/22/2024,11/30/2024,23C,1,121.790108233,59.0,7,0,"LINESTRING (-73.773957 40.699806, -73.773594 40.699994)"
OS134,Addisleigh Park Civic Organization,MURDOCK AVENUE,Queens,180 STREET,DEAD END,"mon,tue,wed,thu,fri,sat,sun",approvedFull,09:00,22:00,09:00,22:00,09:00,22:00,09:00,22:00,09:00,22:00,09:00,22:00,09:00,22:00,01/01/2024,12/31/2024,23C,1,128.750247937,91.0,7,0,"LINESTRING (-73.770344 40.69606, -73.769971 40.69627)"
OS135,34th Avenue Open Streets Coalition,34 AVENUE,Queens,69 STREET,JUNCTION BOULEVARD,"mon,tue,wed,thu,fri,sat,sun",approvedLimited,07:00,20:00,07:00,20:00,07:00,20:00,07:00,20:00,07:00,20:00,07:00,20:00,07:00,20:00,02/01/2024,12/31/2024,23C,53,13691.5999916676,91.0,7,0,"MULTILINESTRING ((-73.897157 40.752457, -73.897052 40.752501), (-73.87573 40.754661, -73.874802 40.754768), (-73.880394 40.754257, -73.879463 40.754354), (-73.881322 40.754164, -73.880394 40.754257), (-73.883168 40.753878, -73.882238 40.753977), (-73.892467 40.752911, -73.891536 40.753), (-73.896198 40.752593, -73.895265 40.752688), (-73.875747 40.754755, -73.874817 40.754852), (-73.894322 40.752712, -73.89339 40.752809), (-73.891552 40.753084, -73.89062 40.753181), (-73.878521 40.754368, -73.877589 40.754464), (-73.881306 40.754072, -73.880378 40.754169), (-73.895265 40.752688, -73.894338 40.752796), (-73.878535 40.754447, -73.877605 40.754552), (-73.877589 40.754464, -73.876659 40.754562), (-73.896185 40.752523, -73.895252 40.752616), (-73.890606 40.753102, -73.889677 40.7532), (-73.873885 40.75494, -73.872711 40.755064), (-73.886903 40.753575, -73.885972 40.753671), (-73.885972 40.753671, -73.885043 40.753763), (-73.884097 40.753783, -73.883168 40.753878), (-73.892481 40.75299, -73.891552 40.753084), (-73.89062 40.753181, -73.889691 40.75328), (-73.891536 40.753, -73.890606 40.753102), (-73.877605 40.754552, -73.876675 40.754652), (-73.885029 40.753686, -73.884097 40.753783), (-73.886888 40.753492, -73.885957 40.753586), (-73.885043 40.753763, -73.884107 40.753871), (-73.880378 40.754169, -73.879447 40.754267), (-73.876675 40.754652, -73.875747 40.754755), (-73.879447 40.754267, -73.878521 40.754368), (-73.87387 40.754855, -73.87267 40.754987), (-73.884107 40.753871, -73.883184 40.753967), (-73.894338 40.752796, -73.893404 40.75289), (-73.879463 40.754354, -73.878535 40.754447), (-73.883184 40.753967, -73.882253 40.754061), (-73.882238 40.753977, -73.881306 40.754072), (-73.895252 40.752616, -73.894322 40.752712), (-73.876659 40.754562, -73.87573 40.754661), (-73.89339 40.752809, -73.892467 40.752911), (-73.885957 40.753586, -73.885029 40.753686), (-73.882253 40.754061, -73.881322 40.754164), (-73.887817 40.753399, -73.886888 40.753492), (-73.897157 40.752457, -73.897043 40.752431), (-73.897043 40.752431, -73.896185 40.752523), (-73.889677 40.7532, -73.888749 40.753301), (-73.893404 40.75289, -73.892481 40.75299), (-73.889691 40.75328, -73.888762 40.753373), (-73.897052 40.752501, -73.896198 40.752593), (-73.874802 40.754768, -73.87387 40.754855), (-73.874817 40.754852, -73.873885 40.75494), (-73.888762 40.753373, -73.887829 40.753468), (-73.887829 40.753468, -73.886903 40.753575), (-73.888749 40.753301, -73.887817 40.753399))"
OS136,Middle School 88,18 STREET,Brooklyn,7 AVENUE,6 AVENUE,"mon,tue,wed,thu,fri",approvedFullSchools,10:30,13:30,10:30,13:30,10:30,13:30,10:30,13:30,10:30,13:30,,,,,09/05/2024,06/27/2025,23C,3,894.0409330823001,15.0,5,0,"MULTILINESTRING ((-73.987603 40.660401, -73.98745 40.66019), (-73.987352 40.660387, -73.987251 40.660379), (-73.987603 40.660401, -73.987352 40.660387), (-73.987879 40.660734, -73.987603 40.660401), (-73.98947 40.661699, -73.987879 40.660734))"
OS137,PS 118,7 STREET,Brooklyn,4 AVENUE,5 AVENUE,"mon,tue,wed,thu,fri",approvedFullSchools,07:30,16:30,07:30,16:30,07:30,16:30,07:30,16:30,07:30,16:30,,,,,04/17/2024,06/27/2025,23C,1,773.440445724,45.0,5,0,"LINESTRING (-73.987649 40.671522, -73.985294 40.670385)"
OS138,Salsa Stories,SUFFOLK STREET,Manhattan,RIVINGTON STREET,DELANCEY STREET,sun,approvedFull,,,,,,,,,,,,,16:00,19:30,08/11/2024,09/15/2024,23C,1,478.161184793,3.5,1,0,"LINESTRING (-73.986523 40.718112, -73.985911 40.719339)"
OS139,The Buckley School,EAST 73 STREET,Manhattan,LEXINGTON AVENUE,PARK AVENUE,"mon,tue,wed,thu,fri",approvedFullSchools,09:00,14:00,09:00,14:00,09:00,14:00,09:00,14:00,09:00,14:00,,,,,07/01/2024,06/27/2025,23C,1,476.874610857,25.0,5,0,"LINESTRING (-73.963214 40.77174, -73.961708 40.771106)"
OS140,The Allen-Stevenson School,EAST 78 STREET,Manhattan,PARK AVENUE,LEXINGTON AVENUE,"mon,tue,wed,thu,fri",approvedFullSchools,07:30,15:30,07:30,15:30,07:30,15:30,07:30,15:30,07:30,15:30,,,,,09/05/2024,06/27/2025,23C,1,477.36020476,40.0,5,0,"LINESTRING (-73.960904 40.774909, -73.959394 40.774278)"
OS141,The Dalton School,EAST 91 STREET,Manhattan,PARK AVENUE,MADISON AVENUE,"mon,tue,wed,thu,fri",approvedFullSchools,10:30,14:00,10:30,14:00,10:30,14:00,10:30,14:00,10:30,14:00,,,,,09/05/2024,06/27/2025,23C,1,476.087224304,17.5,5,0,"LINESTRING (-73.956487 40.784045, -73.954987 40.783406)"
OS142,Uptown Grand Central,EAST 101 STREET,Manhattan,PARK AVENUE,LEXINGTON AVENUE,sat,approvedFull,,,,,,,,,,,12:00,20:00,,,05/18/2024,06/29/2024,23C,1,471.141559405,8.0,1,0,"LINESTRING (-73.950091 40.789684, -73.948605 40.789055)"
OS143,Morningside Area Alliance,LA SALLE STREET,Manhattan,CLAREMONT AVENUE,BROADWAY,thu,approvedFull,,,,,,,15:30,21:00,,,,,,,05/02/2024,10/31/2024,23C,1,281.667073568,5.5,1,0,"LINESTRING (-73.959792 40.813823, -73.96069 40.814187)"
OS144,"120 Marcus Meets Malcolm, Inc",WEST 120 STREET,Manhattan,LENOX AVENUE,MOUNT MORRIS PARK WEST,"mon,tue,wed,thu,fri,sat,sun",approvedLimited,10:00,20:00,10:00,20:00,10:00,20:00,10:00,20:00,10:00,22:00,10:00,22:00,10:00,20:00,02/01/2024,01/31/2025,23C,1,504.450638949,74.0,7,0,"LINESTRING (-73.946131 40.803877, -73.947724 40.804549)"
OS145,The Police Athletic League,WEST 124 STREET,Manhattan,MOUNT MORRIS PARK WEST,LENOX AVENUE,"mon,tue,wed,thu",approvedFull,11:00,16:00,11:00,16:00,11:00,16:00,11:00,16:00,,,,,,,07/08/2024,08/22/2024,23C,1,504.293556802,20.0,4,0,"LINESTRING (-73.944302 40.806391, -73.945894 40.807063)"
OS146,P.S. 176 The Cambria Heights School,235 STREET,Queens,120 AVENUE,121 AVENUE,"mon,tue,wed,thu,fri",approvedFullSchools,07:30,15:00,07:30,15:00,07:30,15:00,07:30,15:00,07:30,15:00,,,,,09/05/2024,06/27/2025,23C,1,636.170494076,37.5,5,0,"LINESTRING (-73.729605 40.68625, -73.73044 40.684623)"
OS147,NYC DoE - Community Health Academy of the Heights,WEST 158 STREET,Manhattan,BROADWAY,AMSTERDAM AVENUE,"mon,tue,wed,thu,fri",approvedFullSchools,11:30,14:00,11:30,14:00,11:30,14:00,11:30,14:00,11:00,13:15,,,,,09/05/2024,06/27/2025,23C,1,865.626574327,12.25,5,0,"LINESTRING (-73.941577 40.833487, -73.944316 40.834635)"
OS148,NYCDOE Mosaic 3K/Pre-k Center 24Q331 @ Q364,41 AVENUE,Queens,75 STREET,76 STREET,"wed,fri",approvedFullSchools,,,,,08:30,11:30,,,08:30,11:30,,,,,09/05/2024,06/27/2025,23C,1,251.105427754,6.0,2,0,"LINESTRING (-73.890151 40.745308, -73.889255 40.745411)"
OS149,PS 330Q Helen M. Marshall,110 STREET,Queens,34 AVENUE,NORTHERN BOULEVARD,"mon,tue,wed,thu,fri",approvedFullSchools,07:15,14:30,07:15,14:30,07:15,14:30,07:15,14:30,07:15,14:30,,,,,09/05/2024,06/27/2025,23C,1,526.14459784,36.25,5,0,"LINESTRING (-73.859513 40.757879, -73.85882 40.756534)"
OS150,P.S. 28Q The Thomas Emanuel Early Childhood Center,47 AVENUE,Queens,109 STREET,111 STREET,"mon,tue,wed,thu,fri",approvedFullSchools,07:00,15:00,07:00,15:00,07:00,15:00,07:00,15:00,07:00,15:00,,,,,09/05/2024,06/27/2025,23C,1,436.778377202,40.0,5,0,"LINESTRING (-73.855154 40.747038, -73.853682 40.747469)"
OS151,PS143Q The Louis Armstrong Elementary School,113 STREET,Queens,34 AVENUE,37 AVENUE,"mon,tue,wed,thu,fri",approvedFullSchools,07:55,14:30,07:55,14:30,07:55,14:30,07:55,14:30,07:55,14:30,,,,,09/05/2024,06/27/2025,23C,1,922.08027428,32.916666666666664,5,0,"LINESTRING (-73.856018 40.75703, -73.854776 40.754682)"
OS152,il Buco,BOND STREET,Manhattan,LAFAYETTE STREET,BOWERY,"mon,tue,wed,thu,fri,sat,sun",approvedFull,16:30,23:00,16:30,23:00,16:30,23:00,16:30,23:00,16:30,23:00,10:00,23:00,10:00,23:00,04/01/2024,10/31/2024,23C,1,655.012473623,58.5,7,0,"LINESTRING (-73.99413 40.72664, -73.992134 40.725677)"
OS153,Hudson Yards Hell's Kitchen Alliance,HUDSON BOULEVARD EAST,Manhattan,WEST 35 STREET,WEST 36 STREET,"mon,tue,wed,thu,fri,sat",approvedLimited,08:00,18:00,08:00,18:00,08:00,18:00,08:00,18:00,08:00,18:00,08:00,18:00,,,05/01/2024,11/02/2024,23C,1,256.005732973,60.0,6,0,"LINESTRING (-73.999959 40.7558, -73.99946 40.756391)"
OS154,"Boriken Neighborhood Health Center/ East Harlem Council for Human Services, Inc.",EAST 123 STREET,Manhattan,2 AVENUE,3 AVENUE,fri,approvedFull,,,,,,,,,10:00,16:00,,,,,07/12/2024,08/30/2024,23C,1,708.373491968,6.0,1,0,"LINESTRING (-73.93677 40.802396, -73.934533 40.801452)"
OS155,Kettle of Fish,CHRISTOPHER STREET,Manhattan,WAVERLY PLACE,7 AVENUE SOUTH,"fri,sat,sun",approvedFull,,,,,,,,,17:00,23:00,12:00,23:00,12:00,23:00,04/12/2024,04/11/2025,23C,1,445.020135943,28.0,3,0,"MULTILINESTRING ((-74.00266 40.733646, -74.002786 40.733633), (-74.001758 40.733768, -74.00266 40.733646), (-74.001205 40.733843, -74.001758 40.733768))"
OS156,PS 109 Sedgwick School,PALISADE PLACE,Bronx,POPHAM AVENUE,POPHAM AVENUE,mon,approvedFullSchools,07:30,16:30,,,,,,,,,,,,,09/05/2024,06/27/2025,23C,1,496.892130573,9.0,1,0,"MULTILINESTRING ((-73.918326 40.851543, -73.918199 40.851819), (-73.918199 40.851819, -73.918638 40.852382), (-73.918638 40.852382, -73.918838 40.852771))"
OS157,Thomas A. Edison CTE High School,84 AVENUE,Queens,168 STREET,164 PLACE,"mon,tue,wed,thu,fri",approvedFullSchools,07:30,16:30,07:30,16:30,07:30,16:30,07:30,16:30,07:30,16:30,,,,,09/05/2024,06/27/2025,23C,1,1202.67374249,45.0,5,0,"MULTILINESTRING ((-73.80157 40.715204, -73.799589 40.715494), (-73.799589 40.715494, -73.799432 40.715539), (-73.799432 40.715539, -73.799282 40.715597), (-73.799282 40.715597, -73.79914 40.715667), (-73.797622 40.715901, -73.797484 40.715789), (-73.79914 40.715667, -73.79901 40.715747), (-73.79901 40.715747, -73.798891 40.715814), (-73.798891 40.715814, -73.798757 40.715868), (-73.798757 40.715868, -73.798611 40.715906), (-73.798611 40.715906, -73.798459 40.715926), (-73.798459 40.715926, -73.798307 40.715928), (-73.798307 40.715928, -73.79816 40.715912), (-73.79816 40.715912, -73.797622 40.715901))"
OS158,"Staten Island Chamber of Commerce Foundation Inc. / The Angiuli Group, LLC",MINTHORNE STREET,Staten Island,BAY STREET,VICTORY BOULEVARD,"fri,sat",approvedFull,,,,,,,,,16:00,00:00,11:00,00:00,,,04/19/2024,10/31/2024,23C,1,570.65356566,21.0,2,0,"MULTILINESTRING ((-74.075561 40.636744, -74.076179 40.636562), (-74.075329 40.637639, -74.075561 40.636744), (-74.075292 40.637785, -74.075329 40.637639))"
OS159,Meatpacking District Management Association,9 AVENUE,Manhattan,WEST 14 STREET,WEST 15 STREET,"mon,tue,wed,thu,fri,sat,sun",approvedFull,00:01,23:59,00:01,23:59,00:01,23:59,00:01,23:59,00:01,23:59,00:01,23:59,00:01,23:59,04/01/2024,12/31/2024,23C,1,288.368092098,167.76666666666665,7,0,"MULTILINESTRING ((-74.005442 40.740982, -74.005389 40.741056), (-74.005389 40.741056, -74.005159 40.741371), (-74.005159 40.741371, -74.004938 40.741674))"
OS160,Saint David's School,EAST 89 STREET,Manhattan,5 AVENUE,MADISON AVENUE,"mon,tue,wed,thu,fri",approvedFullSchools,10:00,14:00,10:00,14:00,10:00,14:00,10:00,14:00,10:00,14:00,,,,,07/01/2024,06/27/2025,23C,1,507.995575908,20.0,5,0,"MULTILINESTRING ((-73.957645 40.782891, -73.957404 40.78279), (-73.957855 40.782977, -73.957645 40.782891), (-73.959012 40.783461, -73.957855 40.782977))"
OS161,Manhattan Day School,WEST 75 STREET,Manhattan,WEST END AVENUE,RIVERSIDE DRIVE,"mon,tue,wed,thu,fri",approvedFullSchools,10:00,15:45,10:00,15:45,10:00,15:45,10:00,15:45,10:00,13:45,,,,,09/05/2024,06/27/2025,23C,1,543.967906417,26.75,5,0,"MULTILINESTRING ((-73.983062 40.781758, -73.983464 40.781932), (-73.983464 40.781932, -73.983654 40.782012), (-73.983654 40.782012, -73.984779 40.782483))"
OS162,"PS 421M West Prep Academy, NYCPS",WEST 108 STREET,Manhattan,AMSTERDAM AVENUE,BROADWAY,"mon,tue,wed,thu,fri",approvedFullSchools,08:00,15:00,08:00,15:00,08:00,15:00,08:00,15:00,08:00,15:00,,,,,09/05/2024,06/27/2025,23C,1,866.629855312,35.0,5,0,"MULTILINESTRING ((-73.964759 40.801742, -73.96673 40.802572), (-73.96673 40.802572, -73.967222 40.802779), (-73.967222 40.802779, -73.967497 40.802895))"
OS163,Community League of the Heights (CLOTH),WEST 159 STREET,Manhattan,BROADWAY,AMSTERDAM AVENUE,"mon,tue,wed,thu,fri",approvedFull,08:00,16:00,08:00,16:00,08:00,16:00,08:00,16:00,08:00,16:00,,,,,07/08/2024,08/16/2024,23C,1,869.122113658,40.0,5,0,"MULTILINESTRING ((-73.941118 40.834114, -73.943101 40.834945), (-73.943101 40.834945, -73.943244 40.835005), (-73.943244 40.835005, -73.943868 40.835267))"
OS164,PS 28 Mount Hope,MOUNT HOPE PLACE,Bronx,MONROE AVENUE,ANTHONY AVENUE,fri,approvedFullSchools,,,,,,,,,10:00,14:00,,,,,09/05/2024,06/27/2025,23C,1,708.662417372,4.0,1,0,"MULTILINESTRING ((-73.904811 40.848154, -73.903565 40.847908), (-73.906044 40.848397, -73.905427 40.848275), (-73.904896 40.84817, -73.904811 40.848154), (-73.905145 40.84822, -73.904896 40.84817), (-73.905427 40.848275, -73.905145 40.84822))"
OS165,IS 117: Joseph H. Wade School,MORRIS AVENUE,Bronx,MOUNT HOPE PLACE,EAST 176 STREET,"mon,tue,wed,thu,fri",approvedFullSchools,14:00,15:00,14:00,15:00,14:00,15:00,14:00,15:00,14:00,15:00,,,,,09/05/2024,06/27/2025,23C,1,310.145278233,5.0,5,0,"MULTILINESTRING ((-73.908581 40.848023, -73.908502 40.848259), (-73.908502 40.848259, -73.908469 40.848356), (-73.908469 40.848356, -73.908304 40.848847))"
OS166,Community League of the Heights (CLOTH),WEST 164 STREET,Manhattan,AMSTERDAM AVENUE,EDGECOMBE AVENUE,"mon,tue,wed,thu,fri",approvedFull,08:00,16:00,08:00,16:00,08:00,16:00,08:00,16:00,08:00,16:00,,,,,07/08/2024,08/16/2024,23C,1,573.977537296,40.0,5,0,"MULTILINESTRING ((-73.937024 40.836469, -73.937489 40.836664), (-73.937489 40.836664, -73.937946 40.836856), (-73.937946 40.836856, -73.938005 40.83688), (-73.938318 40.837011, -73.93884 40.83723), (-73.938148 40.83694, -73.938208 40.836965), (-73.938208 40.836965, -73.938318 40.837011), (-73.938005 40.83688, -73.938086 40.836914), (-73.938086 40.836914, -73.938148 40.83694))"
OS167,Family Unity in Our Community Incorporated,109 AVENUE,Queens,159 STREET,160 STREET,sat,approvedFull,,,,,,,,,,,11:00,16:00,,,07/13/2024,08/24/2024,23C,1,242.384532188,5.0,1,0,"MULTILINESTRING ((-73.792892 40.69379, -73.792827 40.693817), (-73.792827 40.693817, -73.792781 40.693837), (-73.792649 40.693894, -73.792603 40.693914), (-73.792603 40.693914, -73.79213 40.694116), (-73.792781 40.693837, -73.792739 40.693855), (-73.792739 40.693855, -73.792691 40.693876), (-73.792691 40.693876, -73.792649 40.693894))"
OS168,PS 64M Robert Simon School,EAST 5 STREET,Manhattan,AVENUE C,DEAD END,"mon,tue,wed,thu,fri",approvedFullSchools,10:00,13:00,10:00,13:00,10:00,13:00,10:00,13:00,10:00,13:00,,,,,09/05/2024,06/27/2025,23C,1,545.983921919,15.0,5,0,"MULTILINESTRING ((-73.980534 40.723241, -73.979727 40.722891), (-73.980574 40.723259, -73.980534 40.723241), (-73.980607 40.723273, -73.980574 40.723259), (-73.980766 40.723342, -73.980727 40.723325), (-73.980688 40.723308, -73.980649 40.723291), (-73.980649 40.723291, -73.980607 40.723273), (-73.980727 40.723325, -73.980688 40.723308), (-73.98097 40.723431, -73.980933 40.723415), (-73.98113 40.7235, -73.981086 40.723481), (-73.981437 40.723634, -73.98113 40.7235), (-73.981047 40.723464, -73.98101 40.723448), (-73.98101 40.723448, -73.98097 40.723431), (-73.981086 40.723481, -73.981047 40.723464), (-73.980889 40.723395, -73.980851 40.723379), (-73.980933 40.723415, -73.980889 40.723395), (-73.980808 40.72336, -73.980766 40.723342), (-73.980851 40.723379, -73.980808 40.72336))"
OS169,Middle School 390,ANDREWS AVENUE SOUTH,Bronx,WEST BURNSIDE AVENUE,WEST 179 STREET,"mon,tue,wed,thu,fri",approvedFullSchools,07:30,16:30,07:30,16:30,07:30,16:30,07:30,16:30,07:30,16:30,,,,,09/05/2024,06/27/2025,23C,1,608.928802514,45.0,5,0,"MULTILINESTRING ((-73.913849 40.853811, -73.913832 40.85393), (-73.913832 40.85393, -73.912761 40.855251))"
OS170,West 111th Street Block Association,AMSTERDAM AVENUE,Manhattan,CATHEDRAL PARKWAY,WEST 111 STREET,"sat,sun",approvedFull,,,,,,,,,,,10:00,00:00,10:00,00:00,03/16/2024,12/29/2024,23C,1,272.883111581,28.0,2,0,"MULTILINESTRING ((-73.963861 40.802972, -73.963679 40.803222), (-73.963679 40.803222, -73.963388 40.803629))"
OS171,PS 146 Brooklyn New School,RAPELYE STREET,Brooklyn,HICKS STREET,HENRY STREET,"mon,tue,wed,thu,fri",approvedFullSchools,07:30,15:00,07:30,15:00,07:30,15:00,07:30,15:00,07:30,15:00,,,,,09/05/2024,06/27/2025,23C,1,459.600353601,37.5,5,0,"MULTILINESTRING ((-74.002138 40.680346, -74.00134 40.680121), (-74.002894 40.680559, -74.002138 40.680346))"
OS172,Uptown & Boogie Healthy Project,EAST 212 STREET,Bronx,WHITE PLAINS ROAD,WHITE PLAINS ROAD,sat,approvedFull,,,,,,,,,,,09:00,15:00,,,06/01/2024,11/24/2024,23C,1,76.9229923148,6.0,1,0,"MULTILINESTRING ((-73.86577 40.87856, -73.865574 40.878497), (-73.865832 40.878576, -73.86577 40.87856))"
OS173,The École,EAST 22 STREET,Manhattan,PARK AVENUE SOUTH,LEXINGTON AVENUE,"mon,tue,wed,thu,fri",approvedFullSchools,09:30,14:00,09:30,14:00,09:30,14:00,09:30,14:00,09:30,14:00,,,,,06/30/2024,06/27/2025,23C,1,489.022201213,22.5,5,0,"MULTILINESTRING ((-73.986472 40.739363, -73.985232 40.73884), (-73.986774 40.739493, -73.986472 40.739363))"
OS174,The Brooklyn Bazaar Festival Inc.,LEXINGTON AVENUE,Brooklyn,CLASSON AVENUE,GRAND AVENUE,"sat,sun",approvedFull,,,,,,,,,,,14:00,22:00,14:00,22:00,05/25/2024,10/26/2024,23C,1,794.131025284,16.0,2,0,"MULTILINESTRING ((-73.962398 40.686352, -73.962072 40.68639), (-73.962072 40.68639, -73.959568 40.686683))"
OS175,City-As School: High School M560,CLARKSON STREET,Manhattan,VARICK STREET,HUDSON STREET,"mon,tue,wed,thu,fri",approvedFullSchools,10:30,15:00,10:30,15:00,10:30,15:00,10:30,15:00,10:30,15:00,,,,,09/05/2024,06/27/2025,23C,1,513.176058027,22.5,5,0,"MULTILINESTRING ((-74.005172 40.729447, -74.005424 40.72934), (-74.005424 40.72934, -74.006973 40.729495))"
OS176,PS3 Charrette School,GROVE STREET,Manhattan,HUDSON STREET,BEDFORD STREET,"mon,tue,wed,thu,fri",approvedFullSchools,08:00,15:30,08:00,15:30,08:00,15:30,08:00,15:30,08:00,15:30,,,,,09/05/2024,06/27/2025,23C,1,292.843963061,37.5,5,0,"MULTILINESTRING ((-74.006501 40.732426, -74.005794 40.732372), (-74.005794 40.732372, -74.005463 40.732448))"
OS177,"Youth Ministries for Peace and Justice, Inc.",HARROD PLACE,Bronx,WESTCHESTER AVENUE,MORRISON AVENUE,sat,approvedFull,,,,,,,,,,,10:00,17:00,,,05/11/2024,11/02/2024,23C,1,413.279466827,7.0,1,0,"MULTILINESTRING ((-73.874438 40.829047, -73.873634 40.829276), (-73.873634 40.829276, -73.873729 40.829753))"
OS178,SONNYBOY,RIVINGTON STREET,Manhattan,ALLEN STREET,ALLEN STREET,"tue,wed,thu,fri,sat,sun",approvedFull,,,16:45,23:00,16:45,23:00,10:00,23:00,10:00,23:45,10:00,23:45,10:00,23:00,03/01/2024,11/30/2024,23C,1,80.5568056913,66.0,6,0,"MULTILINESTRING ((-73.98972 40.720479, -73.989585 40.720437), (-73.989855 40.72052, -73.98972 40.720479))"
OS179,Friends of Cooper Park,MASPETH AVENUE,Brooklyn,HUMBOLDT STREET,WOODPOINT ROAD,sat,approvedFull,,,,,,,,,,,07:00,19:00,,,05/25/2024,06/15/2024,23C,1,177.374208796,12.0,1,0,"MULTILINESTRING ((-73.942735 40.714868, -73.94259 40.714877), (-73.94259 40.714877, -73.942161 40.715063))"
OS180,The Dock Street School for STEAM Studies,DOCK STREET,Brooklyn,FRONT STREET,WATER STREET,"mon,tue,wed,thu,fri",approvedFullSchools,11:15,12:45,11:15,12:45,11:15,12:45,11:15,12:45,11:15,12:45,,,,,09/05/2024,06/27/2025,23C,1,256.51755163,7.5,5,0,"MULTILINESTRING ((-73.992573 40.702781, -73.992507 40.702612), (-73.992547 40.703308, -73.992573 40.702781))"
OS181,Van Duzer Civic Association,WATER STREET,Staten Island,BEACH STREET,CANAL STREET,sat,approvedFull,,,,,,,,,,,12:00,17:00,,,06/01/2024,09/28/2024,23C,1,429.93480255,5.0,1,0,"MULTILINESTRING ((-74.077662 40.626996, -74.077901 40.626931), (-74.07638 40.627138, -74.077662 40.626996))"
OS182,"Banana Kelly Community Improvement Association, Inc.",SIMPSON STREET,Bronx,EAST 163 STREET,FOX STREET,"sat,sun",approvedFull,,,,,,,,,,,11:00,18:00,11:00,18:00,06/22/2024,08/10/2024,23C,1,504.242528274,14.0,2,0,"MULTILINESTRING ((-73.893895 40.81986, -73.892902 40.820811), (-73.892902 40.820811, -73.892837 40.820974))"
OS183,Ballet Tech School,BROADWAY,Manhattan,EAST 20 STREET,EAST 19 STREET,"mon,tue,wed,thu,fri",approvedFullSchools,09:30,12:30,09:30,12:30,09:30,12:30,09:30,12:30,09:30,12:30,,,,,09/05/2024,06/27/2025,23C,1,260.480780972,15.0,5,0,"MULTILINESTRING ((-73.989956 40.738477, -73.989884 40.738736), (-73.989884 40.738736, -73.989765 40.739177))"
OS184,Bright Leaders Group Family Day Care Inc.,GRAND AVENUE,Bronx,WEST BURNSIDE AVENUE,WEST TREMONT AVENUE,fri,approvedFullSchools,,,,,,,,,12:30,16:00,,,,,07/12/2024,09/06/2024,23C,1,844.837048985,3.5,1,0,"MULTILINESTRING ((-73.910777 40.851939, -73.910783 40.852081, -73.910783 40.852081, -73.910783 40.852081, -73.91077 40.852225, -73.91077 40.852225, -73.91077 40.852225, -73.910737 40.852369, -73.910737 40.852369, -73.910737 40.852369, -73.910685 40.85251, -73.910684 40.85251, -73.910684 40.85251, -73.910613 40.852647, -73.910613 40.852647, -73.910613 40.852647, -73.910524 40.852776, -73.910524 40.852776, -73.910524 40.852776, -73.910419 40.852897, -73.910419 40.852897, -73.910419 40.852897, -73.9103 40.853007), (-73.9103 40.853007, -73.90943 40.853959))"
OS185,Chauncey Street Block & Tenants Association,CHAUNCEY STREET,Brooklyn,HOWARD AVENUE,SARATOGA AVENUE,sat,approvedLimited,,,,,,,,,,,10:00,18:00,,,03/01/2024,10/31/2024,23C,1,769.620395073,8.0,1,0,"MULTILINESTRING ((-73.91972 40.681519, -73.917355 40.681792), (-73.917355 40.681792, -73.916976 40.681834))"
OS186,Salsa Stories,BECK STREET,Bronx,LEGGETT AVENUE,AVENUE ST JOHN,fri,approvedFull,,,,,,,,,18:00,21:00,,,,,08/02/2024,08/23/2024,23C,1,619.314479576,3.0,1,0,"MULTILINESTRING ((-73.902219 40.814493, -73.90145 40.814709), (-73.90145 40.814709, -73.90012 40.815083))"
OS187,Hellenic Classical Charter Schools,18 STREET,Brooklyn,5 AVENUE,4 AVENUE,"mon,tue,wed,thu,fri",approvedFullSchools,08:15,15:35,08:15,15:35,08:15,15:35,08:15,15:35,08:15,15:35,,,,,09/05/2024,06/27/2025,23C,1,782.228338585,36.666666666666664,5,0,"MULTILINESTRING ((-73.992007 40.663232, -73.991673 40.663029), (-73.993876 40.664368, -73.992007 40.663232))"
OS188,DHS Block Association,DECATUR STREET,Brooklyn,HOWARD AVENUE,SARATOGA AVENUE,sat,approvedLimited,,,,,,,,,,,12:00,20:00,,,05/25/2024,10/26/2024,23C,1,769.964464111,8.0,1,0,"MULTILINESTRING ((-73.920011 40.682987, -73.917648 40.683259), (-73.917648 40.683259, -73.917266 40.683303))"
