candidate_id,candidate_type,candidate_name,access_note,seating_type,radial_distance_m,approx_minutes_radial,sample_id,segment_id,street_name,sample_link_distance_m,tree_distance_m,building_distance_m,tree_class,building_class,visual_condition,orientation_group,screening_potential
DOT_SEAT.1900.0020,Bench,617 2 Avenue,NYC DOT public seating asset,BACKED 1.0,1162.4560600597542,14.530700750746927,SEG_00549_P006,SEG_00549,2 AVE,12.530811609577404,13.003568236643906,15.252992860399534,Tree Near,Building Far,Vegetated Buffer,North–South / Avenue-like,True
DOT_SEAT.1900.0030,Leaning Bar,61 E 34 Street,NYC DOT public seating asset,LEANING BAR,711.4044860591672,8.89255607573959,SEG_00135_P013,SEG_00135,E 34 ST,9.128378954923395,33.12393655484949,15.333314859501883,Tree Far,Building Far,Open Field,East–West / Cross-street-like,False
DOT_SEAT.2013.0197,Bench,191 Madison Ave,NYC DOT public seating asset,BACKLESS 2.0,619.8204854589301,7.747756068236626,SEG_00136_P004,SEG_00136,MADISON AVE,9.216916113931962,9.800589064232724,11.689696033782932,Tree Near,Building Far,Vegetated Buffer,North–South / Avenue-like,True
DOT_SEAT.2013.0198,Bench,199 Madison Avenue,NYC DOT public seating asset,BACKLESS 1.0,597.05238721288,7.463154840161001,SEG_00136_P007,SEG_00136,MADISON AVE,8.807199074956484,24.859068549749843,11.605131137019104,Tree Far,Building Far,Open Field,North–South / Avenue-like,False
DOT_SEAT.2013.0199,Bench,165 Madison Avenue,NYC DOT public seating asset,BACKLESS 2.0,742.698014147814,9.283725176847675,SEG_00131_P006,SEG_00131,MADISON AVE,9.83336023063429,6.620713299638321,13.072270551708849,Tree Near,Building Far,Vegetated Buffer,North–South / Avenue-like,True
DOT_SEAT.2013.0447,Bench,529 3 Avenue,NYC DOT public seating asset,BACKED 1.0,928.1732687158842,11.602165858948553,SEG_00583_P002,SEG_00583,3 AVE,13.132381576306631,10.342831935652463,14.924203422255545,Tree Near,Building Far,Vegetated Buffer,North–South / Avenue-like,True
DOT_SEAT.2016.0181,Leaning Bar,4 E 34th Street,NYC DOT public seating asset,LEANING BAR,602.8222567476786,7.535278209345982,SEG_00137_P004,SEG_00137,E 34 ST,8.067323162255304,19.92452030794629,15.652333686227458,Tree Near,Building Far,Vegetated Buffer,East–West / Cross-street-like,True
DOT_SEAT.2016.0185,Leaning Bar,360 W 34 Street,NYC DOT public seating asset,LEANING BAR,1074.102632944259,13.426282911803238,SEG_00082_P024,SEG_00082,W 34 ST,10.33166320075809,12.146542623373994,15.178922336002795,Tree Near,Building Far,Vegetated Buffer,East–West / Cross-street-like,True
DOT_SEAT.2016.0186,Leaning Bar,245 E 34 Street,NYC DOT public seating asset,LEANING BAR,1129.3442830250062,14.116803537812578,SEG_00548_P012,SEG_00548,E 34 ST,8.672581593647848,13.12099144669308,15.011847608502912,Tree Near,Building Far,Vegetated Buffer,East–West / Cross-street-like,True
DOT_SEAT.2022.0073,Bench,4 Park Avenue,NYC DOT public seating asset,BACKED 2.0,751.6110570512715,9.395138213140893,SEG_00600_P006,SEG_00600,PARK AVE,5.949119261749034,24.311329621699134,12.208820020521665,Tree Far,Building Far,Open Field,North–South / Avenue-like,False
DOT_SEAT.2023.0528,Bench,675 3 Avenue,NYC DOT public seating asset,BACKLESS 2.0,815.9167759764775,10.19895969970597,SEG_00712_P005,SEG_00712,3 AVE,7.549287155920142,14.893039023441451,15.066298718897794,Tree Near,Building Far,Vegetated Buffer,North–South / Avenue-like,True
DOT_SEAT.2023.0624,Bench,219 W 34 Street,NYC DOT public seating asset,BACKLESS 2.0,710.6328996529519,8.882911245661898,SEG_00185_P005,SEG_00185,W 34 ST,7.947645449000216,11.287864173338734,15.051039129107977,Tree Near,Building Far,Vegetated Buffer,East–West / Cross-street-like,True
DOT_SEAT.2024.0284,Leaning Bar,675 2 Avenue,NYC DOT public seating asset,LEANING BAR,1071.6800189125788,13.396000236407236,SEG_00571_P002,SEG_00571,2 AVE,11.273960372870445,14.979116509894553,23.96190471355044,Tree Near,Building Far,Vegetated Buffer,North–South / Avenue-like,True
DOT_SEAT.2024.0287,Bench,1010 6 Avenue,NYC DOT public seating asset,BACKLESS 2.0,285.8675493821527,3.5733443672769085,SEG_00196_P006,SEG_00196,AVE OF THE AMERICAS,11.921106367203055,69.94150644858557,15.212787162079234,Tree Far,Building Far,Open Field,North–South / Avenue-like,False
DOT_SEAT.2024.0471,Bench,966 6 Avenue,NYC DOT public seating asset,BACKLESS 2.0,455.39880371702907,5.692485046462863,SEG_00180_P004,SEG_00180,AVE OF THE AMERICAS,11.650034593458827,54.066287183324164,15.2065934529559,Tree Far,Building Far,Open Field,North–South / Avenue-like,False
DOT_SEAT.2024.0474,Leaning Bar,990 6 Avenue,NYC DOT public seating asset,LEANING BAR,353.70282367181863,4.421285295897733,SEG_00193_P007,SEG_00193,AVE OF THE AMERICAS,13.794705447172898,31.155720255767495,15.30759604507063,Tree Far,Building Far,Open Field,North–South / Avenue-like,False
DOT_SEAT.2024.0478,Bench,320 5 Avenue,NYC DOT public seating asset,BACKLESS 2.0,724.2942289726784,9.05367786215848,SEG_00141_P002,SEG_00141,5 AVE,9.936624557689733,19.02251205675336,15.4254592688838,Tree Near,Building Far,Vegetated Buffer,North–South / Avenue-like,True
DOT_SEAT.2024.0483,Bench,1060 6 Avenue,NYC DOT public seating asset,BACKLESS 2.0,108.50662450916872,1.356332806364609,SEG_00206_P026,SEG_00206,W 42 ST,11.13359548689708,14.837277000985463,15.277248158198327,Tree Near,Building Far,Vegetated Buffer,East–West / Cross-street-like,True
DOT_SEAT.2024.0484,Bench,605 3 Avenue,NYC DOT public seating asset,BACKLESS 2.0,820.5642651197635,10.257053313997044,SEG_00653_P004,SEG_00653,3 AVE,14.240722350980437,12.656506898241668,14.397734202325426,Tree Near,Building Far,Vegetated Buffer,North–South / Avenue-like,True
DOT_SEAT.2024.0485,Bench,443 3 Avenue,NYC DOT public seating asset,BACKLESS 2.0,1152.9336796589548,14.411670995736936,SEG_00538_P006,SEG_00538,3 AVE,13.25856278374949,10.623207471967106,14.300945474856372,Tree Near,Building Far,Vegetated Buffer,North–South / Avenue-like,True
DOT_SEAT.2024.0492,Bench,151 W 34 Street,NYC DOT public seating asset,BACKLESS 2.0,581.0317590374076,7.262896987967595,SEG_00160_P005,SEG_00160,W 34 ST,11.098183742577888,100.57687607612327,14.713874059675106,Tree Far,Building Far,Open Field,East–West / Cross-street-like,False
DOT_SEAT.2024.0493,Bench,562 5 Avenue,NYC DOT public seating asset,BACKLESS 2.0,455.1494789200247,5.6893684865003085,SEG_00880_P002,SEG_00880,5 AVE,10.226655208163285,9.990671851667289,15.286358707750264,Tree Near,Building Far,Vegetated Buffer,North–South / Avenue-like,True
DOT_SEAT.2024.0496,Leaning Bar,509 Madison Avenue,NYC DOT public seating asset,LEANING BAR,1007.807754292265,12.597596928653314,SEG_00921_P007,SEG_00921,MADISON AVE,10.955580071964247,25.589185345924136,11.75745084001356,Tree Far,Building Far,Open Field,North–South / Avenue-like,False
DOT_SEAT.2024.0497,Bench,386 5 Avenue,NYC DOT public seating asset,BACKLESS 2.0,451.17201693347926,5.63965021166849,SEG_00164_P006,SEG_00164,5 AVE,11.15901110771996,11.235112217896837,15.276908085026879,Tree Near,Building Far,Vegetated Buffer,North–South / Avenue-like,True
DOT_SEAT.2024.0591,Bench,12 E 42 Street,NYC DOT public seating asset,BACKLESS 2.0,239.2482798331738,2.9906034979146723,SEG_00853_P006,SEG_00853,E 42 ST,11.286413366469054,28.28633109197478,15.603056135834745,Tree Far,Building Far,Open Field,East–West / Cross-street-like,False
DOT_SEAT.2024.0694,Bench,547 9 Avenue,NYC DOT public seating asset,BACKED 2.0,969.4623442861458,12.118279303576823,SEG_00425_P001,SEG_00425,PORT AUTHORITY BUS TERMINAL RAMP,4.813760158088011,11.46718246566704,8.927649495461623,Tree Near,Building Near,Screened Edge,North–South / Avenue-like,True
DOT_SEAT.2024.0703,Bench,443 Park Avenue South,NYC DOT public seating asset,BACKED 2.0,994.8833980659489,12.436042475824362,SEG_00034_P002,SEG_00034,PARK AVE S,6.605185639165358,31.388976620520232,7.367654502999047,Tree Far,Building Near,Exposed Edge,North–South / Avenue-like,False
DOT_SEAT.2025.0014,Bench,52 Park Avenue,NYC DOT public seating asset,BACKED 2.0,554.0099222456329,6.925124028070411,SEG_00648_P003,SEG_00648,PARK AVE,6.591045775460243,6.8451942388429154,12.593574525476608,Tree Near,Building Far,Vegetated Buffer,North–South / Avenue-like,True
DOT_SEAT.2025.0102,Bench,820 2 Avenue,NYC DOT public seating asset,BACKED 2.0,1051.6386329256104,13.14548291157013,SEG_00756_P006,SEG_00756,2 AVE,12.662199045605266,12.830052431062843,14.58075638417383,Tree Near,Building Far,Vegetated Buffer,North–South / Avenue-like,True
DOT_SEAT.2025.0624,Leaning Bar,810 7 Avenue,NYC DOT public seating asset,LEANING BAR,997.8103983181345,12.47262997897668,SEG_00508_P003,SEG_00508,7 AVE,11.977040890293283,43.75607018904746,15.443823381891402,Tree Far,Building Far,Open Field,North–South / Avenue-like,False
DOT_SEAT.2025.0625,Leaning Bar,750 7 Avenue,NYC DOT public seating asset,LEANING BAR,789.617129434339,9.870214117929237,SEG_00404_P003,SEG_00404,7 AVE,11.123880020932663,26.393819593089397,15.060571005750916,Tree Far,Building Far,Open Field,North–South / Avenue-like,False
DOT_SEAT.2025.0628,Bench,492 7 Avenue,NYC DOT public seating asset,BACKLESS 2.0,549.3467712347497,6.866834640434371,SEG_00190_P004,SEG_00190,7 AVE,11.462421540007153,111.61942977298949,14.624687204771133,Tree Far,Building Far,Open Field,North–South / Avenue-like,False
DOT_SEAT.2025.0634,Bench,776 6 Avenue,NYC DOT public seating asset,BACKLESS 2.0,1135.5982919605285,14.194978649506606,SEG_00043_P007,SEG_00043,AVE OF THE AMERICAS,12.66798067656255,13.110839418618756,14.560016077319004,Tree Near,Building Far,Vegetated Buffer,North–South / Avenue-like,True
DOT_SEAT.2025.0637,Leaning Bar,6 Avenue,NYC DOT public seating asset,LEANING BAR,124.61659417850582,1.5577074272313227,SEG_00205_P005,SEG_00205,AVE OF THE AMERICAS,14.17686863181258,129.81421555708746,15.178323124793476,Tree Far,Building Far,Open Field,North–South / Avenue-like,False
DOT_SEAT.2025.0638,Leaning Bar,1212 6 Avenue,NYC DOT public seating asset,LEANING BAR,532.6744548099099,6.658430685123873,SEG_00897_P004,SEG_00897,AVE OF THE AMERICAS,13.975691582849954,52.53120133224912,16.002375194275192,Tree Far,Building Far,Open Field,North–South / Avenue-like,False
DOT_SEAT.2025.0639,Bench,1290 6 Avenue,NYC DOT public seating asset,BACKLESS 2.0,836.4215000284506,10.455268750355632,SEG_00942_P003,SEG_00942,AVE OF THE AMERICAS,12.257255155561786,31.04178388869076,16.251259603970585,Tree Far,Building Far,Open Field,North–South / Avenue-like,False
DOT_SEAT.2025.0672,Bench,661 9 Avenue,NYC DOT public seating asset,BACKLESS 2.0,1042.4781411838883,13.030976764798604,SEG_00398_P006,SEG_00398,9 AVE,11.609666764967384,11.184254898299166,14.714236560576062,Tree Near,Building Far,Vegetated Buffer,North–South / Avenue-like,True
DOT_SEAT.2025.0673,Bench,623 9 Avenue,NYC DOT public seating asset,BACKLESS 2.0,1010.0135302787015,12.625169128483769,SEG_00396_P002,SEG_00396,W 44 ST,11.250967021241621,9.695941323346084,9.164938891931756,Tree Near,Building Near,Screened Edge,East–West / Cross-street-like,True
DOT_SEAT.2026.0706,Bench,777 3 Avenue,NYC DOT public seating asset,BACKLESS 2.0,909.5901263482268,11.369876579352836,SEG_00791_P007,SEG_00791,LEXINGTON AVE,8.631246011338968,25.737469761900872,10.961773520332255,Tree Far,Building Far,Open Field,North–South / Avenue-like,False
DOT_SEAT.2026.0710,Bench,950 6 Avenue,NYC DOT public seating asset,BACKLESS 2.0,503.02499992332326,6.287812499041541,SEG_00175_P007,SEG_00175,AVE OF THE AMERICAS,10.504331269128022,70.01984613828127,13.946018148132977,Tree Far,Building Far,Open Field,North–South / Avenue-like,False
DOT_SEAT.2026.0725,Bench,220 5 Avenue,NYC DOT public seating asset,BACKLESS 2.0,1184.4132475103322,14.805165593879153,SEG_00023_P002,SEG_00023,5 AVE,9.683538893128642,36.157807959494264,15.39349184903836,Tree Far,Building Far,Open Field,North–South / Avenue-like,False
DOT_SEAT.2026.0727,Bench,135 Madison Avenue,NYC DOT public seating asset,BACKLESS 2.0,844.3631179598771,10.554538974498463,SEG_00067_P003,SEG_00067,MADISON AVE,7.848630629212034,7.167044256835805,12.946843929851745,Tree Near,Building Far,Vegetated Buffer,North–South / Avenue-like,True
DOT_SEAT.2026.0728,Bench,519 Madison Avenue,NYC DOT public seating asset,BACKLESS 2.0,1049.0891043272275,13.113613804090344,SEG_00923_P003,SEG_00923,MADISON AVE,9.31517739062722,12.924022212104672,12.8247743917875,Tree Near,Building Far,Vegetated Buffer,North–South / Avenue-like,True
DOT_SEAT.2026.0742,Bench,22 Madison Avenue,NYC DOT public seating asset,BACKLESS 2.0,395.23930165101285,4.9404912706376605,SEG_00835_P003,SEG_00835,MADISON AVE,10.148733686285766,8.254861427919813,12.304600620778366,Tree Near,Building Far,Vegetated Buffer,North–South / Avenue-like,True
DOT_SEAT.2026.0743,Leaning Bar,477 Madison Avenue,NYC DOT public seating asset,LEANING BAR,908.9803672161963,11.362254590202454,SEG_00919_P004,SEG_00919,MADISON AVE,9.390079058865087,38.822630260867314,12.005533471761723,Tree Far,Building Far,Open Field,North–South / Avenue-like,False
DOT_SEAT.2026.0746,Bench,209 Madison Avenue,NYC DOT public seating asset,BACKLESS 2.0,557.3965230755417,6.967456538444272,SEG_00139_P003,SEG_00139,MADISON AVE,8.417232225753562,8.660448126009554,11.796538919660241,Tree Near,Building Far,Vegetated Buffer,North–South / Avenue-like,True
DOT_SEAT.2026.0748,Leaning Bar,455 Madison Avenue,NYC DOT public seating asset,LEANING BAR,852.9960803509551,10.66245100438694,SEG_00917_P006,SEG_00917,MADISON AVE,9.125464931938271,75.75740909983185,12.100406598455729,Tree Far,Building Far,Open Field,North–South / Avenue-like,False
