candidate_id,candidate_type,candidate_name,Asset_Subtype,On_Street,From_Street,To_Street,Latitude,Longitude,radial_distance_m,approx_minutes_radial
DOT_SEAT.2024.0483,Bench,1060 6 Avenue,BACKLESS 2.0,W 42 Street,6 Avenue,5 Avenue,40.754525,-73.983614,108.50662450810228,1.4
DOT_SEAT.2025.0637,Leaning Bar,6 Avenue,LEANING BAR,6 Avenue,W 40 Street,W 42 Street,40.75388,-73.984629,124.61659417870932,1.6
DOT_SEAT.2024.0591,Bench,12 E 42 Street,BACKLESS 2.0,E 42 Street,5 Avenue,Madison Avenue,40.753181,-73.980421,239.24827983293076,3.0
DOT_SEAT.2024.0287,Bench,1010 6 Avenue,BACKLESS 2.0,6 Avenue,W 37 Street,W 38 Street,40.752101,-73.985952,285.8675493828192,3.6
DOT_SEAT.2024.0474,Leaning Bar,990 6 Avenue,LEANING BAR,6 Avenue,W 36 Street,W 37 Street,40.751513,-73.986364,353.70282367270806,4.4
DOT_SEAT.2026.0742,Bench,22 Madison Avenue,BACKLESS 2.0,Madison Avenue,E 43 Street,E 44 Street,40.753684,-73.978521,395.23930165100336,4.9
DOT_SEAT.2024.0497,Bench,386 5 Avenue,BACKLESS 2.0,5 Avenue,E 36 Street,E 35 Street,40.749571,-73.983888,451.17201693503637,5.6
DOT_SEAT.2024.0493,Bench,562 5 Avenue,BACKLESS 2.0,5 Avenue,W 47 Street,W 46 Street,40.756207,-73.979041,455.1494789197651,5.7
DOT_SEAT.2024.0471,Bench,966 6 Avenue,BACKLESS 2.0,6 Avenue,W 35 Street,W 36 Street,40.750679,-73.986985,455.3988037169469,5.7
DOT_SEAT.2026.0710,Bench,950 6 Avenue,BACKLESS 2.0,6 Avenue,W 34 Street,W 35 Street,40.750299,-73.987279,503.02499992371764,6.3
DOT_SEAT.2025.0638,Leaning Bar,1212 6 Avenue,LEANING BAR,6 Avenue,W 47 Street,W 48 Street,40.758215,-73.98148,532.6744548091758,6.7
DOT_SEAT.2025.0628,Bench,492 7 Avenue,BACKLESS 2.0,7 Avenue,W 37 Street,W 36 Street,40.752642,-73.989582,549.3467712349268,6.9
DOT_SEAT.2025.0014,Bench,52 Park Avenue,BACKED 2.0,Park Avenue,E 38 Street,E 37 Street,40.749256,-73.979974,554.0099222461272,6.9
DOT_SEAT.2026.0746,Bench,209 Madison Avenue,BACKLESS 2.0,Madison Avenue,E 35 Street,E 36 Street,40.748635,-73.982231,557.3965230758313,7.0
DOT_SEAT.2024.0492,Bench,151 W 34 Street,BACKLESS 2.0,W 34 Street,Broadway,7 Avenue,40.750159,-73.988383,581.031759038242,7.3
DOT_SEAT.2013.0198,Bench,199 Madison Avenue,BACKLESS 1.0,Madison Avenue,E 34 Street,E 35 Street,40.74825054,-73.98249195,597.0523872143364,7.5
DOT_SEAT.2016.0181,Leaning Bar,4 E 34th Street,LEANING BAR,E 34 Street,5 Avenue,Madison Avenue,40.74822976,-73.98424254,602.8222567503026,7.5
DOT_SEAT.2013.0197,Bench,191 Madison Ave,BACKLESS 2.0,Madison Avenue,E 34 Street,E 35 Street,40.74803416,-73.98265025,619.8204854577535,7.7
DOT_SEAT.2023.0624,Bench,219 W 34 Street,BACKLESS 2.0,W 34 Street,7 Avenue,8 Avenue,40.75125,-73.991027,710.6328996536232,8.9
DOT_SEAT.1900.0030,Leaning Bar,61 E 34 Street,LEANING BAR,E 34 Street,Park Avenue,Madison Avenue,40.747305,-73.981637,711.4044860598732,8.9
DOT_SEAT.2024.0478,Bench,320 5 Avenue,BACKLESS 2.0,5 Avenue,W 33 Street,W 32 Street,40.74732,-73.985516,724.2942289729773,9.1
DOT_SEAT.2013.0199,Bench,165 Madison Avenue,BACKLESS 2.0,Madison Avenue,E 32 Street,E 33 Street,40.74691503,-73.98346642,742.6980141500572,9.3
DOT_SEAT.2022.0073,Bench,4 Park Avenue,BACKED 2.0,Park Avenue,E 34 Street,E 34 Street,40.746935,-73.981651,751.6110570513937,9.4
DOT_SEAT.2025.0625,Leaning Bar,750 7 Avenue,LEANING BAR,7 Avenue,W 50 Street,W 49 Street,40.7607,-73.983709,789.6171294322397,9.9
DOT_SEAT.2023.0528,Bench,675 3 Avenue,BACKLESS 2.0,3 Avenue,42 Street,43 Street,40.751085,-73.974122,815.916775977048,10.2
DOT_SEAT.2024.0484,Bench,605 3 Avenue,BACKLESS 2.0,3 Avenue,E 39 Street,E 40 Street,40.749112,-73.975481,820.5642651214386,10.3
DOT_SEAT.2025.0639,Bench,1290 6 Avenue,BACKLESS 2.0,6 Avenue,W 51 Street,W 52 Street,40.760653,-73.979724,836.4215000269387,10.5
DOT_SEAT.2026.0727,Bench,135 Madison Avenue,BACKLESS 2.0,Madison Avenue,E 31 Street,E 32 Street,40.746029,-73.984124,844.3631179609989,10.6
DOT_SEAT.2026.0748,Leaning Bar,455 Madison Avenue,LEANING BAR,Madison Avenue,E 50 Street,E 51 Street,40.758268,-73.975178,852.9960803510037,10.7
DOT_SEAT.2026.0743,Leaning Bar,477 Madison Avenue,LEANING BAR,Madison Avenue,E 51 Street,E 52 Street,40.758746,-73.974829,908.9803672163191,11.4
DOT_SEAT.2026.0706,Bench,777 3 Avenue,BACKLESS 2.0,3 Avenue,E 48 Street,E 49 Street,40.755746,-73.972805,909.5901263482338,11.4
DOT_SEAT.2013.0447,Bench,529 3 Avenue,BACKED 1.0,3 Avenue,E 35 Street,E 36 Street,40.74650132,-73.977398,928.1732687167054,11.6
DOT_SEAT.2024.0694,Bench,547 9 Avenue,BACKED 2.0,9 Avenue,W 41 Street,W 40 Street,40.757465,-73.993494,969.4623442858004,12.1
DOT_SEAT.2024.0703,Bench,443 Park Avenue South,BACKED 2.0,Park Avenue South,E 30 Street,E 31 Street,40.744643,-73.982952,994.8833980682637,12.4
DOT_SEAT.2025.0624,Leaning Bar,810 7 Avenue,LEANING BAR,7 Avenue,W 53 Street,W 52 Street,40.762562,-73.982349,997.8103983170461,12.5
DOT_SEAT.2024.0496,Leaning Bar,509 Madison Avenue,LEANING BAR,Madison Avenue,E 52 Street,E 53 Street,40.759569,-73.97421,1007.8077542912438,12.6
DOT_SEAT.2025.0673,Bench,623 9 Avenue,BACKLESS 2.0,9 Avenue,W 45 Street,W 44 Street,40.759903,-73.991823,1010.0135302779886,12.6
DOT_SEAT.2025.0672,Bench,661 9 Avenue,BACKLESS 2.0,9 Avenue,W 46 Street,W 45 Street,40.760874,-73.991004,1042.4781411824313,13.0
DOT_SEAT.2026.0728,Bench,519 Madison Avenue,BACKLESS 2.0,Madison Avenue,E 53 Street,E 54 Street,40.759926,-73.973973,1049.089104328178,13.1
DOT_SEAT.2025.0102,Bench,820 2 Avenue,BACKED 2.0,2 Avenue,E 44 Street,E 43 Street,40.750882,-73.971271,1051.6386329262361,13.1
DOT_SEAT.2024.0284,Leaning Bar,675 2 Avenue,LEANING BAR,2 Avenue,E 37 Street,E 36 Street,40.746253,-73.974972,1071.6800189128624,13.4
DOT_SEAT.2016.0185,Leaning Bar,360 W 34 Street,LEANING BAR,W 34 Street,9 Avenue,8 Avenue,40.75313252,-73.99590428,1074.1026329442884,13.4
DOT_SEAT.2016.0186,Leaning Bar,245 E 34 Street,LEANING BAR,E 34 Street,2 Avenue,3 Avenue,40.74497488,-73.97611499,1129.3442830258186,14.1
DOT_SEAT.2025.0634,Bench,776 6 Avenue,BACKLESS 2.0,6 Avenue,W 26 Street,W 27 Street,40.74524,-73.990944,1135.598291959702,14.2
DOT_SEAT.2024.0485,Bench,443 3 Avenue,BACKLESS 2.0,3 Avenue,E 30 Street,E 31 Street,40.743607,-73.979497,1152.9336796599368,14.4
DOT_SEAT.1900.0020,Bench,617 2 Avenue,BACKED 1.0,2 Avenue,E 33 Street,E 34 Street,40.74459759,-73.97617592,1162.456060060647,14.5
DOT_SEAT.2026.0725,Bench,220 5 Avenue,BACKLESS 2.0,5 Avenue,E 27 Street,E 26 Street,40.743634,-73.988196,1184.413247509495,14.8
